nome_imovel,cnpj_fundo,latitude,longitude
Via Parque Shopping,00.332.266/0001-31,-22.9827365,-43.360893
CTI,00.762.723/0001-28,-23.5262814,-46.7449527
Hotel,00.868.235/0001-08,-30.0326295,-51.1780903
Grand Plaza Shopping,01.201.140/0001-90,-23.6467785,-46.53386460000001
Marechal Camara,01.235.622/0001-61,-22.9091988,-43.1694987
Fusion,01.235.622/0001-61,-15.8057626,-48.0842616
Riserva,01.235.622/0001-61,-20.2959489,-40.2962979
Barão de Mesquita,01.235.622/0001-61,-22.9242419,-43.2425056
Senhor dos Passos,01.235.622/0001-61,-22.9070828,-43.18191480000001
Visison,01.235.622/0001-61,-15.8057626,-48.0842616
Golden Corporate,01.235.622/0001-61,-22.9038603,-43.1814608
Visconde de Pirajá,01.235.622/0001-61,-22.9842394,-43.2049773
Largo de Santa Rita,01.235.622/0001-61,-22.9002271,-43.1809637
Due Murano,01.235.622/0001-61,-15.7524981,-47.9128527
Rio Branco 255/257,01.235.622/0001-61,-22.9063832,-43.1771761
"Uruguaiana, 78",01.235.622/0001-61,-22.9048588,-43.1794818
Primeiro de Março,01.235.622/0001-61,-22.9013187,-43.1764795
Miguel Couto,01.235.622/0001-61,-22.9013519,-43.1801855
Due Capri,01.235.622/0001-61,-15.7524981,-47.9128527
Innovitá,01.235.622/0001-61,-22.915062,-43.2136941
Panorama,01.235.622/0001-61,-22.9070828,-43.18191480000001
Metropolitan,01.235.622/0001-61,-12.983733,-38.453738
"Uruguaiana, 76",01.235.622/0001-61,-22.9048752,-43.1794376
Seasons,01.235.622/0001-61,-22.9620681,-43.3969399
Sete de Setembro,01.235.622/0001-61,-22.9054333,-43.1784447
Gift,01.235.622/0001-61,-22.910676,-43.2416126
Rio Branco 45,01.235.622/0001-61,-22.9063832,-43.1771761
Av. Mem de sá,01.235.622/0001-61,-22.912313,-43.1861477
Le Quartier,01.235.622/0001-61,-15.8057626,-48.0842616
Estoque Diversos,01.235.622/0001-61,-20.2806895,-40.2902141
Citta America,01.235.622/0001-61,-23.0027005,-43.32177
Dom Gerado 46,01.235.622/0001-61,-22.8979587,-43.1789051
CESBOM,01.235.622/0001-61,-19.7397781,-45.2536209
Cardeal Leme,01.235.622/0001-61,-22.9170513,-43.1890709
Carioca,01.235.622/0001-61,-22.9066492,-43.1804136
Visconde de Inhaúma,01.235.622/0001-61,-22.8996218,-43.1787255
Toscanini,01.235.622/0001-61,-19.9405907,-43.939843
Allegro,01.235.622/0001-61,-20.2743371,-40.2832916
"Conde de Bonfim,149",01.235.622/0001-61,-22.9320902,-43.2401161
Travessa do Ouvidor,01.235.622/0001-61,-22.9045434,-43.1769981
Estoque Diversos - Rio de Janeiro,01.235.622/0001-61,-23.0076325,-43.3280064
Conjunto Voluntários,01.497.954/0001-14,-30.0274454,-51.2261083
Prédio Dom Pedro,01.497.954/0001-14,-30.0170041,-51.1868499
Edifício Mostardeiro,01.497.954/0001-14,-30.0283095,-51.2040544
Prédio Carlos Gomes,01.497.954/0001-14,-30.0233097,-51.1844392
Prédio Carlos Gomes,01.497.954/0001-14,-30.02770809999999,-51.1820537
Praça Montivideo,01.497.954/0001-14,-30.0288917,-51.2285713
Edifício Rio Guaiba,01.497.954/0001-14,-30.02571549999999,-51.2259126
Eusébio Matoso,01.601.918/0001-59,-23.5721919,-46.6988065
Joaquim Floriano,01.601.918/0001-59,-23.5852933,-46.6768574
Dantas Barreto,01.601.918/0001-59,-8.064806899999999,-34.8783218
Edificio Memorial Office Building,01.633.741/0001-72,-23.5260553,-46.671063
Moinhos Shopping,01.636.325/0001-28,-30.02331,-51.2011118
Shopping Center Piedade,01.657.856/0001-05,-12.9834609,-38.5130754
Ed Brasílio Machado,02.027.437/0001-44,-23.6032681,-46.6748117
Contagem,02.508.235/0001-14,-21.1083947,-45.83058620000001
Edifício New York e Los Angeles,03.251.720/0001-18,-23.5257421,-46.6770879
Shopping Patio Higienópolis,03.507.519/0001-59,-23.5412224,-46.6571399
CETENCO PLAZA,03.683.056/0001-86,-23.5595883,-46.658066
NEW CENTURY,03.683.056/0001-86,-23.5882415,-46.680574
PARQUE PAULISTA,03.683.056/0001-86,-23.5602437,-46.6592401
JK FINANCIAL CENTER,03.683.056/0001-86,-23.5872061,-46.6751363
PQ CULTURAL PAULISTA,03.683.056/0001-86,-23.5710635,-46.6451532
CANDELÁRIA CORPORATE,03.683.056/0001-86,-22.899558,-43.17782829999999
INTERNACIONAL RIO,03.683.056/0001-86,-22.9300108,-43.1746647
JATOBÁ,03.683.056/0001-86,-23.6016085,-46.69262459999999
Laboratório de Fluidos,03.855.441/0001-63,-22.4069831,-41.8678315
Hospital da Criança,04.066.582/0001-60,-23.6436827,-46.6429168
ED. CONTINENTAL SQUARE FARIA LIMA,04.141.645/0001-03,-23.5958083,-46.6844974
Centro Empresarial Nações Unidas,04.722.883/0001-02,-23.6103668,-46.6966448
Condominio Perini Business Park,04.782.236/0001-88,-26.2424317,-48.8846487
Centro de Distribuição Anhanguera - CDA,05.437.916/0001-27,-21.8140101,-47.4979859
Centro de Distribuição -Rio de Janeiro,05.437.916/0001-27,-22.8374191,-43.2606013
Torre de Elevadores - Interlagos - SP,05.437.916/0001-27,-23.7053383,-46.7023725
Edifício Almirante Barroso,05.562.312/0001-02,-22.9078288,-43.177269
Edifício Ourinvest,06.175.262/0001-73,-23.5604978,-46.6569653
Edifício Ourinvest,06.175.262/0001-73,-23.5604978,-46.6569653
Edifício Ourinvest,06.175.262/0001-73,-23.5604978,-46.6569653
Edifício Ourinvest,06.175.262/0001-73,-23.5604978,-46.6569653
Edifício Ourinvest,06.175.262/0001-73,-23.5604978,-46.6569653
Edifício Ourinvest,06.175.262/0001-73,-23.5604978,-46.6569653
Edifício Ourinvest,06.175.262/0001-73,-23.5604978,-46.6569653
Edifício Ourinvest,06.175.262/0001-73,-23.5604978,-46.6569653
CARJ,07.000.400/0001-46,-22.9225633,-43.2501867
SEDE I,07.000.400/0001-46,-15.8031874,-47.8837315
Edificio Torre Almirante,07.122.725/0001-00,-22.9073165,-43.1752511
Parque Dom Pedro Shopping,07.224.019/0001-60,-22.8492355,-47.06209399999999
Rodoshopping Fernão Dias,07.352.632/0001-63,-23.490927,-46.5656024
Montese,07.583.627/0001-61,-3.7557831,-38.5391771
Morro Grande,07.583.627/0001-61,-23.4761094,-46.7032924
Sócrates,07.583.627/0001-61,-23.6557367,-46.69188949999999
Cardoso de Almeida,07.583.627/0001-61,-23.5352824,-46.6665545
Campinas ,07.583.627/0001-61,-22.9263404,-47.0397549
Aeroporto,07.583.627/0001-61,-23.6286463,-46.6676672
Lavandisca,07.583.627/0001-61,-23.6003466,-46.6667877
Jardim Paulistano,07.583.627/0001-61,-23.5717212,-46.6811898
Sudoeste - Brasília,07.583.627/0001-61,-21.4202843,-50.0814465
Pacaembu,07.583.627/0001-61,-23.5465156,-46.6689467
Belo Horizonte (Minas Shopping),07.583.627/0001-61,-19.8746192,-43.9261961
Teodoro Sampaio,07.583.627/0001-61,-23.5636703,-46.68732079999999
Cerro Corá,07.583.627/0001-61,-23.5346858,-46.7129314
Curuçá,07.583.627/0001-61,-23.5143842,-46.5890447
Ricardo Jafet,07.583.627/0001-61,-23.5890009,-46.6185051
Araçatuba,07.583.627/0001-61,-19.793023,-43.9336069
Taboão da Serra,07.583.627/0001-61,-23.610077,-46.753223
Granja Viana,07.583.627/0001-61,-23.5927161,-46.8338456
Santos,07.583.627/0001-61,-23.9588428,-46.3322994
Taguatinga,07.583.627/0001-61,-15.8098397,-48.0640461
Edgar Facó,07.583.627/0001-61,-23.5003499,-46.70621329999999
Carapicuíba,07.583.627/0001-61,-23.5532682,-46.8358041
Aflitos,07.583.627/0001-61,-8.0463319,-34.8964676
Rótula,07.583.627/0001-61,-12.9705787,-38.4812141
Recife,07.583.627/0001-61,-8.104654800000002,-34.88983340000001
Nova Cantareira,07.583.627/0001-61,-23.4880609,-46.6219806
Anchieta,07.583.627/0001-61,14.9585183,-24.4566923
Portal,07.583.627/0001-61,-23.616402,-46.7397648
Penha,07.583.627/0001-61,-23.5156348,-46.5198496
Pedroso,07.583.627/0001-61,-23.5629008,-46.6410438
Campo Grande,07.583.627/0001-61,-20.4562058,-54.6077132
Goiânia,07.583.627/0001-61,39.39987199999999,-8.224454
Jaguaré,07.583.627/0001-61,-23.5568746,-46.7483593
Morumbi,07.583.627/0001-61,-23.5861238,-46.72206800000001
Freguesia do Ó,07.583.627/0001-61,-23.5048034,-46.68929079999999
São Caetano,07.583.627/0001-61,-23.6164612,-46.5716854
João Dias,07.583.627/0001-61,-23.6470391,-46.7290731
Anhanguera,07.583.627/0001-61,-23.5171985,-46.7265643
Curitiba,07.583.627/0001-61,-23.6214632,-46.5563457
Dourados,07.583.627/0001-61,-22.2251646,-54.7982455
Santo André,07.583.627/0001-61,-23.6521428,-46.5258624
Vasco da Gama,07.583.627/0001-61,-12.9992537,-38.4884406
Champagnat,07.583.627/0001-61,-25.433288,-49.2981656
Belvedere,07.583.627/0001-61,-19.9743797,-43.9480495
Guarani,07.583.627/0001-61,-23.5816196,-46.5367733
Jabaquara ,07.583.627/0001-61,-23.6461989,-46.6409731
Sorocaba,07.583.627/0001-61,-23.4903187,-47.4449032
Guaianazes,07.583.627/0001-61,-23.5418409,-46.42388529999999
Alphaville,07.583.627/0001-61,-23.4947656,-46.850188
Pedreira,07.583.627/0001-61,-23.9475887,-46.3354092
Brasília Norte,07.583.627/0001-61,51.8860181,0.2388661
Paralela,07.583.627/0001-61,-12.9366359,-38.36085569999999
Amoreiras ,07.583.627/0001-61,-22.9447652,-47.1094146
CVS - CENTER VALE SHOPPING,07.789.135/0001-27,-23.200802,-45.8804556
BPS - BOTAFOGO PRAIA SHOPPING,07.789.135/0001-27,-22.947461,-43.1834672
CNB - CONJUNTO NACIONAL BRASILIA,07.789.135/0001-27,-15.7922244,-47.8835633
Hospital e Maternidade,08.014.513/0001-63,-23.6434062,-46.6431702
REC - Loja de Rua Centro,08.098.114/0001-28,-8.059664699999999,-34.8854481
SLZ - Loja de Rua Centro,08.098.114/0001-28,-2.5202593,-44.2696266
MCO-Shopp.Center Iguatemi,08.098.114/0001-28,-9.6273485,-35.698853
ABC - Shopping ABC,08.098.114/0001-28,-23.6677966,-46.53356360000001
BHD - Shopp.Del Rey,08.098.114/0001-28,-19.8907155,-43.9678135
BHM - Minas Shopping,08.098.114/0001-28,-19.8736522,-43.9272745
FOS - Iguatemi Fortaleza,08.098.114/0001-28,-3.7831489,-38.4804727
SPC - Loja de Rua Centro,08.098.114/0001-28,-23.5440907,-46.6392053
BHC - Loja de Rua,08.098.114/0001-28,-19.9226994,-43.9389473
CPK - Shopp. Parque D.Pedro,08.098.114/0001-28,-22.8476827,-47.0605139
TIJ - Loja de Rua Tijuca,08.098.114/0001-28,-22.9240934,-43.2332946
COP- GAR,08.098.114/0001-28,-22.9725597,-43.1876555
BPB - Pátio Brasil Shopping,08.098.114/0001-28,-15.708703,-47.91437519999999
CAC - Loja de Rua Centro,08.098.114/0001-28,-22.9074076,-47.0640647
OUV - Loja de Rua Centro,08.098.114/0001-28,-22.9046028,-43.1804054
SVP-Shopp.Piedade Barris,08.098.114/0001-28,-12.9834275,-38.51426379999999
DQE - Loja de Rua Centro,08.098.114/0001-28,-22.7878525,-43.3102042
GOI Goiania Shopping,08.098.114/0001-28,-16.7080892,-49.27230180000001
NIG - Loja de Rua Centro,08.098.114/0001-28,-22.7592056,-43.4492351
NOR - Norte Shopping,08.098.114/0001-28,-22.886543,-43.2841786
EC - Escritório Central,08.098.114/0001-28,-23.4988288,-46.8490606
COP - Lj de Rua Copacabana,08.098.114/0001-28,-22.9725399,-43.1876537
NIT - Plaza Shopping,08.098.114/0001-28,-22.896859,-43.1236835
SIR-Shopp.C.Iguatemi Rio,08.098.114/0001-28,-22.9195696,-43.2507852
BEI - Shopping Iguatemi Belém,08.098.114/0001-28,-1.4579842,-48.4953617
SVB - Shopping Barra,08.098.114/0001-28,-13.0066959,-38.5244335
CBS - Shopp.Center Curitiba,08.098.114/0001-28,-25.4409909,-49.2774894
VIX - Loja Vitória,08.098.114/0001-28,-20.3188627,-40.3304756
Ed. Santa Catarina,08.098.114/0001-28,-23.5696438,-46.6469307
Posto de Combustível,08.417.532/0001-30,-28.6648856,-55.9877897
Posto de Combustível,08.417.532/0001-30,-19.8403973,-43.9667336
Posto de Combustível,08.417.532/0001-30,-27.4877078,-48.6575406
Posto de Combustível,08.417.532/0001-30,-27.6570298,-48.6784639
Posto de Combustível,08.417.532/0001-30,-12.9808297,-38.4955454
Posto de Combustível,08.417.532/0001-30,-29.9098513,-51.1769282
Posto de Combustível,08.417.532/0001-30,-19.8375876,-43.9913602
Posto de Combustível,08.417.532/0001-30,-8.0907114,-34.884928
Posto de Combustível,08.417.532/0001-30,-28.5844152,-55.6257086
Posto de Combustível,08.417.532/0001-30,-25.7631786,-49.73725
Posto de Combustível,08.417.532/0001-30,-21.5567413,-45.4385412
Posto de Combustível,08.417.532/0001-30,-3.1411075,-59.9624768
Posto de Combustível,08.417.532/0001-30,-23.886278,-46.43036600000001
Posto de Combustível,08.417.532/0001-30,-27.6570298,-48.6784639
Posto de Combustível,08.417.532/0001-30,-6.207102,-52.70279559999999
Posto de Combustível,08.417.532/0001-30,-19.9173531,-43.9356124
I Fashion Outlet Novo Hamburgo - 49%,08.431.747/0001-06,-29.6637634,-51.1428739
São Bernardo Plaza Shopping - 35%,08.431.747/0001-06,-23.7232218,-46.543195
Mooca Plaza Shopping - 20%,08.431.747/0001-06,-23.5797664,-46.5943394
"Shopping Center Penha - 87,5628%",08.431.747/0001-06,-23.5251244,-46.5468072
Tivoli Shopping - 59%,08.431.747/0001-06,-22.7484219,-47.36727090000001
Condomínio de Galpões Sindi,08.693.497/0001-82,-19.86571,-44.0486604
Loja Comercial,08.693.497/0001-82,-19.9399182,-43.9624104
Portal Auto Shopping,08.693.497/0001-82,-19.907408,-43.9590986
Magazine,08.696.175/0001-97,-23.2734282,-51.0567134
C&A,08.696.175/0001-97,-23.5305089,-46.7305018
Barry,08.696.175/0001-97,-14.7981287,-39.0346984
Danfoss,08.696.175/0001-97,-23.4954474,-46.7622926
Leader Nova Iguaçu,08.696.175/0001-97,-22.7748119,-43.4255175
Telha Norte,08.696.175/0001-97,-19.9481044,-44.030629
Ambev,08.696.175/0001-97,-25.5010231,-49.1688099
Blue Tree Faria Lima,08.706.065/0001-69,-23.5550131,-46.6615415
Ibis Budget Jardins,08.706.065/0001-69,-23.5729058,-46.6651171
Tryp Iguatemi,08.706.065/0001-69,-23.5851337,-46.6817954
Estanplaza Berrini,08.706.065/0001-69,-23.6043802,-46.69215370000001
Estanplaza Nações Unidas,08.706.065/0001-69,-23.603241,-46.6933173
Quality Jardins,08.706.065/0001-69,-23.5660842,-46.6537719
Wyndham Berrini,08.706.065/0001-69,-23.6091071,-46.6950824
Intercity Nações Unidas,08.706.065/0001-69,-23.6295232,-46.7071526
Tryp Berrini,08.706.065/0001-69,-23.6023654,-46.6933853
Tryp Itaim,08.706.065/0001-69,-23.583346,-46.6795727
Comfort Nova Paulista,08.706.065/0001-69,-23.58582,-46.6359
Ibis Budget Paulista,08.706.065/0001-69,-23.5550131,-46.6615415
Intercity Premium Berrini,08.706.065/0001-69,-23.6033372,-46.6936662
Intercity Premium Ibirapuera,08.706.065/0001-69,-23.6063651,-46.6643714
Ibis São Paulo Paulista,08.706.065/0001-69,-23.5571688,-46.66208630000001
Staybridge Suites São Paulo,08.706.065/0001-69,-23.5837294,-46.6749844
Ibis Congonhas,08.706.065/0001-69,-23.6248116,-46.6622862
Estanplaza International,08.706.065/0001-69,-23.6298258,-46.70662979999999
Gran Estanplaza,08.706.065/0001-69,-23.6102791,-46.6958555
Estanplaza Ibirapuera,08.706.065/0001-69,-23.6084165,-46.6601766
Tryp Paulista,08.706.065/0001-69,-23.555734,-46.6597216
Meliá Jardim Europa,08.706.065/0001-69,-23.5811028,-46.6784812
Ibis Styles Faria Lima,08.706.065/0001-69,-23.5704642,-46.6917773
Edifício Eldorado Business Tower,08.924.783/0001-01,-23.5692436,-46.7012831
Flamengo Park Towers,08.924.783/0001-01,-22.926813,-43.1736152
Edifício Volkswagen,08.924.783/0001-01,-23.6358667,-46.6439656
Centro Empresarial Barra Shopping,08.924.783/0001-01,-22.9989441,-43.3522808
Edifício Cargill,08.924.783/0001-01,-23.6214579,-46.69188279999999
Edifício Burity,08.924.783/0001-01,-23.6132668,-46.6507177
Centro Empresarial Transatlantico,08.924.783/0001-01,-23.6313007,-46.7092617
Ampla,09.006.914/0001-34,-22.8186904,-43.0327158
Leader Catete,09.006.914/0001-34,-22.9273801,-43.1770331
Leader Natal,09.006.914/0001-34,-5.7865369,-35.2077591
Ambev,09.006.914/0001-34,-18.9219107,-48.2993651
Edifício Itamambuca,09.072.017/0001-29,-23.6093946,-46.6937227
Centro Empresarial Transatlântico,09.072.017/0001-29,-23.6383557,-46.6973257
Contax Alegria,09.072.017/0001-29,-23.5501342,-46.6162724
Edifício Verbo Divino,09.072.017/0001-29,-23.6383557,-46.6973257
Edifício Plaza JK,09.072.017/0001-29,-23.5802943,-46.497904
Edifício Park Tower - Torre ll,09.072.017/0001-29,-23.5599202,-46.7112917
Edifício Jatobá,09.072.017/0001-29,-23.5058248,-46.8371666
GVT Curitiba,09.072.017/0001-29,-25.441678,-49.258847
Centro Empresarial Guaíba,09.072.017/0001-29,-30.0461904,-51.2305071
Centro Empresarial Mario Garnero,09.072.017/0001-29,-23.5695195,-46.6913378
Edifício Brasilinterpart,09.072.017/0001-29,-23.6612959,-46.7121679
Edifício Delta Plaza,09.072.017/0001-29,-23.5679591,-46.6459836
Torre Rio Sul,09.072.017/0001-29,-22.9569089,-43.1761858
Decathlon Praia Grande,09.072.017/0001-29,-23.9912171,-46.4023465
Centro Empresarial de São Paulo,09.072.017/0001-29,-23.6483492,-46.7314766
Centro Empresarial Dom Pedro,09.072.017/0001-29,-23.0989701,-46.5649457
Edifício Roberto Sampaio Ferreira,09.072.017/0001-29,-23.6172148,-46.6815969
Centro Empresarial Cidade Nova - Teleporto,09.072.017/0001-29,-22.9008743,-43.17711389999999
BB Antônio das Chagas,09.072.017/0001-29,-23.6348246,-46.6945211
Edifício Faria Lima,09.072.017/0001-29,-23.577571,-46.6863266
Edifício Paulista Star,09.072.017/0001-29,-23.5626958,-46.6499114
Sercom Taboão,09.072.017/0001-29,-23.6065934,-46.7630772
Comil,09.150.967/0001-24,-22.7551025,-45.10641709999999
Anhanguera Educacional,09.150.967/0001-24,-23.6531948,-46.5733442
Inbrands,09.150.967/0001-24,-23.6489664,-46.7065187
Fedex,09.150.967/0001-24,-23.4735967,-46.4519656
Edifício Commercial Brascan Century Plaza,09.276.964/0001-31,-23.4850189,-46.8648789
Shopping West Plaza,09.326.861/0001-39,-23.5268109,-46.6731386
"Marquês de Olinda, 51",09.350.920/0001-04,-22.9441427,-43.1841708
Indianópolis,09.350.920/0001-04,-23.604991,-46.65344440000001
"Marquês de Olinda, 70",09.350.920/0001-04,-22.9433098,-43.1842789
Muniz Barreto,09.350.920/0001-04,-22.9447905,-43.1840683
Cidade Jardim Continental Tower,10.347.985/0001-80,-23.5599202,-46.7112917
Florianópolis Shopping Center,10.375.382/0001-91,-27.5542845,-48.496221
Brazilian Financial Center,10.427.246/0001-06,-23.562931,-46.654428
Edificio Torre Almirante,10.427.246/0001-06,-22.9073165,-43.1752511
ED. PLATINUM,10.456.810/0001-00,-23.5676638,-46.65166560000001
ED. BRASILINTERPART,10.456.810/0001-00,-23.6018678,-46.6952271
ED. TORRE SUL,10.456.810/0001-00,-23.6111805,-46.6960752
ED. PEDRA GRANDE,10.456.810/0001-00,-23.569265,-46.692306
ED. NAÇÕES UNIDAS,10.456.810/0001-00,-23.6581396,-46.7148237
ED. BERRINI 1511,10.456.810/0001-00,-23.5995371,-46.6907353
BAY VIEW,10.522.648/0001-81,-15.6763108,-47.82609900000001
Edificio Castelo,10.993.386/0001-33,-22.9065981,-43.1758991
Power Shopping Centerminas,11.044.355/0001-07,-19.8747315,-43.9236369
Unidade de Taboao da Serra,11.179.118/0001-45,-23.6087968,-46.7550225
Unidade de Leme,11.179.118/0001-45,-22.1729954,-47.3896665
Unidade de Valinhos,11.179.118/0001-45,-23.0062299,-47.0149473
Loja e salas comerciais,11.233.841/0001-65,-19.9211391,-43.9423594
Shooping Maceió,11.233.841/0001-65,-9.6462092,-35.7119136
Galpão Industrial,11.233.841/0001-65,-19.5232529,-44.4540119
Loja para uso comercial em centro urbano,11.233.841/0001-65,-19.9661368,-44.1967036
Galpão Industrial,11.233.841/0001-65,-20.3530156,-40.3432719
Galpão Industrial,11.233.841/0001-65,-19.950386,-44.15410989999999
Casa Comercial em centro urbano,11.233.841/0001-65,-19.9291652,-43.9455351
Loja e salas comerciais,11.233.841/0001-65,-22.9063832,-43.1771761
Loja para uso comercial em centro urbano,11.233.841/0001-65,-8.2932173,-35.9835018
Loja para uso comercial,11.233.841/0001-65,-19.8135585,-43.9617889
Loja para uso comercial em centro urbano,11.233.841/0001-65,-19.7863326,-43.929108
Casa Comercial em centro urbano,11.233.841/0001-65,-19.9328627,-43.930184
Sala comercial em centro urbano,11.233.841/0001-65,-22.8982197,-43.1800014
Loja para uso comercial em centro urbano,11.233.841/0001-65,-19.79135,-43.93652549999999
Loja e salas comerciais,11.233.841/0001-65,-22.8740124,-43.3391004
Sala comercial em centro urbano,11.233.841/0001-65,-22.9076303,-43.1757039
Galpão Industrial,11.233.841/0001-65,-20.3784931,-40.3316762
Loja para uso comercial em centro urbano,11.233.841/0001-65,-19.8234078,-43.9966257
Loja para uso comercial,11.233.841/0001-65,-19.8135585,-43.9617889
Galpão,11.233.841/0001-65,-19.8993247,-44.0054698
Loja para uso comercial em centro urbano,11.233.841/0001-65,-19.8135585,-43.9617889
Loja para uso comercial em centro urbano,11.233.841/0001-65,-19.8135585,-43.9617889
Loja para uso comercial em centro urbano,11.233.841/0001-65,-19.7378014,-45.2518573
Condomínio Edifícios Metropolitan e Platinum Offices,11.260.134/0001-68,-23.5816366,-46.6827385
Sitio São Miguel,11.268.335/0001-01,-23.0881389,-47.2080171
Pajuçara 131,11.268.335/0001-01,-3.8635814,-38.5821649
Sítio Porteira de Ferro,11.268.335/0001-01,-23.052706,-47.1893973
Fazenda Santo Izidro - Gleba B,11.268.335/0001-01,-23.0881389,-47.2080171
Fazenda Santo Izidro - Gleba A,11.268.335/0001-01,-23.0881389,-47.2080171
Fazenda Boarete,11.268.335/0001-01,-22.2353777,-53.3378292
Lojas Americanas S.A - Taquatinga,11.274.415/0001-70,-15.8107481,-48.065751
Bompreço Supermercados do Nordeste Ltda,11.274.415/0001-70,-7.1181052,-34.8780481
Lojas Americanas S.A - Belem,11.274.415/0001-70,-1.4541114,-48.4939104
Lojas Americanas S.A,11.274.415/0001-70,-20.319324,-40.33040260000001
Lojas Americanas S.A - Brasilia,11.274.415/0001-70,-15.8394628,-47.8025911
Carrefour Comercio e Industria Ltda,11.274.415/0001-70,-3.13339,-60.02428860000001
Lojas Americanas S.A - Maceio,11.274.415/0001-70,-9.6692901,-35.7355244
Lojas Americanas S.A - Nilopolis,11.274.415/0001-70,-22.8093846,-43.4184176
Edifício Torre Boa Vista,11.281.322/0001-72,-22.9041685,-43.1873279
Edifício Torre Vargas,11.281.322/0001-72,-22.9041685,-43.1873279
Sumaré,11.326.746/0001-06,-22.845661,-47.1637835
jundiai Cica,11.326.746/0001-06,-23.2035484,-46.879271
Guarulhos,11.326.746/0001-06,-23.4515629,-46.5525264
Antartica,11.326.746/0001-06,-23.5222766,-46.66845470000001
Indaiatuba,11.326.746/0001-06,-23.0770252,-47.1980012
SJC,11.326.746/0001-06,-23.2213414,-45.9111719
Aricanduva,11.326.746/0001-06,-23.5403526,-46.5441732
Insper Instituto de Pesquisa,11.602.654/0001-01,-23.5987246,-46.6765001
Sala 1503 Minasbank,11.701.400/0001-40,-16.6697969,-49.2597503
"Mem de Sá, 505",11.701.400/0001-40,-22.9118777,-43.1894901
"Cores da Lapa, 536",11.701.400/0001-40,-22.9141266,-43.1834788
"Cores da Lapa, 1131",11.701.400/0001-40,-22.9141266,-43.1834788
"Mem de Sá, Apartamento 303",11.701.400/0001-40,-22.9118777,-43.1894901
"Cores da Lapa, 636",11.701.400/0001-40,-22.9141266,-43.1834788
"Cores da Lapa, 1301",11.701.400/0001-40,-22.9141266,-43.1834788
LA PLAYA FESTMALL - SALA 204,11.701.400/0001-40,-23.0090215,-43.3648566
Sala 1501 Minasbank,11.701.400/0001-40,-16.6697969,-49.2597503
"Sernambetiba, 1105",11.701.400/0001-40,-23.0085609,-43.3291366
"Felipe Schimidt, 605",11.701.400/0001-40,-27.5935821,-48.556442
LA PLAYA FESTMALL - SALA 205,11.701.400/0001-40,-23.0090215,-43.3648566
"Cores da Lapa, 740",11.701.400/0001-40,-22.9141266,-43.1834788
2º Pavimento Minasbank,11.701.400/0001-40,-16.6697969,-49.2597503
"Mem de Sá, Loja A",11.701.400/0001-40,-22.9117936,-43.1894468
"Mem de Sá, 2º Pavimento",11.701.400/0001-40,-22.9118777,-43.1894901
Golden Green 403,11.701.400/0001-40,-23.005738,-43.3462672
"Cores da Lapa, 736",11.701.400/0001-40,-22.9141266,-43.1834788
"Cores da Lapa, 1140",11.701.400/0001-40,-22.9141266,-43.1834788
"Cores da Lapa, 436",11.701.400/0001-40,-22.9141266,-43.1834788
"Mem de Sá, Loja B",11.701.400/0001-40,-22.9118777,-43.1894901
"Cores da Lapa, 1040",11.701.400/0001-40,-22.9141266,-43.1834788
Sala 1502 Minasbank,11.701.400/0001-40,-16.6697969,-49.2597503
"Cores da Lapa, 1338",11.701.400/0001-40,-22.9141266,-43.1834788
"Edifício Gilberto Salomão, 615",11.701.400/0001-40,-15.7975154,-47.89188739999999
Ed. Albatroz - Gaia Ar,11.728.688/0001-47,-23.0387676,-46.7132109
Brascabos Rio Claro,11.728.688/0001-47,-22.360606,-47.5511869
Master Offices,11.728.688/0001-47,-23.6451221,-46.72741910000001
Centro Empresarial Atibaia,11.728.688/0001-47,-23.0451949,-46.6772491
Cremer Blumenau,11.728.688/0001-47,-26.8998301,-49.07903229999999
Edifício Os Lusíadas (Condomínio Empresarial Barão de Mauá),11.728.688/0001-47,-23.1007762,-46.5763539
Condomínio Tech Town,11.728.688/0001-47,-22.9013279,-47.2001486
Imóvel Pavuna,11.839.593/0001-09,-22.8172799,-43.347051
Imóvel Navegantes SC,11.839.593/0001-09,-26.8572193,-48.6949559
Itambé,11.839.593/0001-09,-23.5032501,-46.75137710000001
Imóvel Parque Novo Mundo SP,11.839.593/0001-09,-23.5047394,-46.5641433
Ceratti,11.839.593/0001-09,-23.0594469,-47.0296048
Condomínio DNA Pinheiros,11.945.604/0001-27,-23.5639196,-46.69517039999999
Empreendimento Sapopemba,11.945.604/0001-27,-23.5976953,-46.5321153
Empreendimento Elizabeta Lips,11.945.604/0001-27,-23.6108128,-46.7596382
Empreendimento Ulisses,11.945.604/0001-27,-23.5274921,-46.57678110000001
Empreendimento Ameixeiras,11.945.604/0001-27,-23.6561765,-46.6646964
CD Pouso Alegre,12.005.956/0001-65,-22.2516074,-45.8874463
Botafogo Trade Center,12.005.956/0001-65,-22.9519177,-43.1852722
CD Bandeirantes,12.005.956/0001-65,-22.9986058,-47.1020537
Edifício Athenas,12.005.956/0001-65,-23.5689065,-46.6898351
Lavradio,12.005.956/0001-65,-22.9115125,-43.1826847
Edifício Bela Paulista,12.005.956/0001-65,-23.5632403,-46.6540967
Buenos Aires Corporate,12.005.956/0001-65,-22.9019342,-43.1766665
Edifício Joaquim Floriano,12.005.956/0001-65,-23.5860246,-46.6787176
Jundiaí Industrial Park,12.005.956/0001-65,-23.1726207,-46.9935184
Pib Sumaré,12.005.956/0001-65,-22.8244116,-47.2707792
Edifício Madison,12.005.956/0001-65,-23.6022826,-46.6743989
Edifício Lagoa Corporate,12.005.956/0001-65,-22.9604748,-43.2024041
CD Santa Cruz,12.005.956/0001-65,-22.8698641,-43.6471234
Global Jundiaí,12.005.956/0001-65,-23.1360839,-46.9446356
Gomes Freire,12.005.956/0001-65,-22.9109173,-43.1835828
CD Mogi das Cruzes,12.005.956/0001-65,-23.44994,-46.24684999999999
ED. VENTURA CORPORATE TOWERS - TORRE OESTE,12.093.377/0001-11,-22.9093374,-43.18191909999999
F Fênis VI  Mat 1482,12.358.507/0001-09,-7.4026929,-35.1167076
F Nova Esperança  Mat 1999,12.358.507/0001-09,-7.4360522,-34.9127861
F Lagoa do Poço  Mat 1099,12.358.507/0001-09,-6.2663927,-35.2091685
Gleba Goiabinha  Mat 9535,12.358.507/0001-09,-21.6303816,-55.15961170000001
F Ilha  Mat 7817,12.358.507/0001-09,-6.0914535,-35.208231
Laranjeira dos Gomes  Mat 6676,12.358.507/0001-09,-6.0741995,-35.2369373
Mumbaba  P Esperança  Mat 1983,12.358.507/0001-09,-7.1461478,-34.9692045
L Jd N Sra das Neves II  Mat 24887,12.358.507/0001-09,-7.260780199999999,-34.9078219
Gleba Barreiro  Mat 8244,12.358.507/0001-09,-21.8014671,-54.5424713
F Cametá  Mat 570,12.358.507/0001-09,-6.196596599999999,-35.1619795
F Moura II  Mat 991,12.358.507/0001-09,-7.513063400000001,-34.9173992
Lagoa Seca  Mat 378,12.358.507/0001-09,-6.3791727,-35.1306466
F Azteca  Mat 221,12.358.507/0001-09,-6.1948045,-35.361521
F Quati I  Mat 276,12.358.507/0001-09,-7.4098449,-35.1101829
Luciana  Mat 37,12.358.507/0001-09,-6.3113798,-35.4784912
Sossêgo  Mat 24901,12.358.507/0001-09,-7.118835199999999,-34.8814339
T Rua da Guia  Recife  Mat 25809,12.358.507/0001-09,-8.0577401,-34.8829629
Parnamirim  Mat 19238 e 19212,12.358.507/0001-09,-5.8831574,-35.2465621
Imbiribeira  Mat 942,12.358.507/0001-09,-7.1461478,-34.9692045
Vale do Mumbaba  Mat 483,12.358.507/0001-09,-7.139832299999999,-35.0866551
S Santa Maria  Mat 636,12.358.507/0001-09,-6.0671566,-35.3341044
Nascença do Piquiri  Mat 459,12.358.507/0001-09,-6.438343499999999,-35.2211619
Condomínio WT Morumbi - Ala A,12.401.858/0001-47,-23.6237255,-46.7020588
Leblon,12.516.185/0001-70,-22.9837427,-43.2230701
Ag. Estilo Indianópolis,12.681.340/0001-04,-23.6036709,-46.6548135
Ag. Estilo Vila Esperança,12.681.340/0001-04,-23.5224611,-46.530917
Ag. Imperatriz Leopoldina,12.681.340/0001-04,-23.5225827,-46.7353212
Ag. Paes de Barros,12.681.340/0001-04,-23.5736416,-46.5871977
Ag. Estilo Cambuí,12.681.340/0001-04,-22.9021591,-47.0512706
Ag. Av. Santo Amaro,12.681.340/0001-04,-23.6031985,-46.67447019999999
Ag. Estilo Santo Amaro,12.681.340/0001-04,-23.6404121,-46.6971034
Ag. Parque Boturussu,12.681.340/0001-04,-23.5109582,-46.5085458
Ag. Estilo Av. Portugal,12.681.340/0001-04,-23.6605595,-46.5318233
Ag. Estilo Joaquim Floriano,12.681.340/0001-04,-23.584783,-46.6765442
Ag. Parque da Aclimação,12.681.340/0001-04,-23.5666375,-46.6334119
Ag. Estilo Berrini,12.681.340/0001-04,-23.6016629,-46.6913541
Ag. Av. Francisco Morato,12.681.340/0001-04,-23.5845012,-46.7182075
Ag. Demarchi,12.681.340/0001-04,-23.7388815,-46.5537685
Ag. Estilo Butantã,12.681.340/0001-04,-23.5808104,-46.7117628
Ag. Raposo,12.681.340/0001-04,-23.5889928,-46.7667999
Ag. Estilo Nova Faria Lima,12.681.340/0001-04,-23.5741718,-46.6864467
Ag. Pedro Pinho,12.681.340/0001-04,-23.5364884,-46.8013193
Empreendimento Comercial composto de Lojas e Conjuntos,12.804.013/0001-00,-27.4944543,-48.5054689
Atrium Shopping Santo André - 100%,12.809.972/0001-00,-23.6637307,-46.5075067
Imóvel 5,12.811.222/0001-73,-21.8086485,-48.1675515
Imóvel 1,12.811.222/0001-73,-23.5834368,-46.6046841
Imóvel 7,12.811.222/0001-73,-21.1932072,-50.4418443
Imovel 4,12.811.222/0001-73,-22.7500718,-47.3761343
Imóvel 6,12.811.222/0001-73,-22.002278,-47.9034548
Itapevi,12.887.506/0001-43,-23.5235467,-46.94205729999999
Aspro,12.887.506/0001-43,-25.4437,-49.45932
Atmosfera,12.887.506/0001-43,-22.6083262,-43.295542
Schahin,12.887.506/0001-43,-22.3956073,-41.8029628
Ed. The One,12.948.291/0001-23,-23.5925709,-46.6821204
Centro de Distribuição Natura São Paulo,12.978.943/0001-72,-23.5104052,-46.7339479
Porto Vista,12.989.974/0001-29,-22.8928471,-43.1946035
Porto Vida Residencial,12.989.974/0001-29,-22.9041501,-43.2082397
BTS L´Oréal,12.989.974/0001-29,-22.8956925,-43.1861465
Pátio da Marítima,12.989.974/0001-29,-22.8957408,-43.2033161
Holiday Inn,12.989.974/0001-29,-22.8968232,-43.2010973
Vale Araguari,13.012.312/0001-67,-18.6457616,-48.1979986
Pilkington,13.012.312/0001-67,-23.3786838,-47.4088373
ALL -CIR Complexo Intermodal de Rondonópolis,13.012.312/0001-67,-16.469331,-54.6284739
Edificio Faria Lima 4440,13.022.993/0001-44,-23.5949215,-46.6805313
Shopping Eldorado,13.022.994/0001-99,-23.574104,-46.6960184
Centro de Distribuição Ribeirão Preto,13.125.823/0001-95,-21.1828667,-47.7565765
Fazenda Ôco D'água 3.493,13.320.290/0001-00,-10.5085822,-40.3224547
Fazenda Cachoeira,13.320.290/0001-00,-11.3348553,-42.1310211
Fazenda Divisão,13.320.290/0001-00,-11.5492584,-41.1572668
Fazenda Boa Alvorada,13.320.290/0001-00,-11.1816506,-40.5120603
Fazenda Boa Esperança,13.320.290/0001-00,-5.200110500000001,-35.4590878
Fazenda Isabel,13.320.290/0001-00,-5.813229700000001,-35.82365619999999
Apartamento Duplex,13.320.290/0001-00,-23.5629107,-46.6643529
Ed. Praia de Botafogo,13.371.132/0001-71,-22.9505376,-43.1778567
Edifício Sede,13.500.306/0001-59,-19.9205717,-43.9392896
Ed. Banco Mercantil,13.500.306/0001-59,-22.9021837,-43.1785422
Centro de Tecnologia,13.500.306/0001-59,-19.9135698,-43.9214058
Centro Empresarial de São Paulo,13.551.286/0001-45,-23.6487257,-46.728887
CD Santa Cruz,13.568.181/0001-07,-22.8691188,-43.6500886
CD PPG Sumaré,13.568.181/0001-07,-22.8471233,-47.1633955
Shopping Sulacap,13.652.006/0001-95,-22.8860505,-43.4027717
Imóvel 3,13.703.596/0001-38,-20.337899,-40.3019951
Imóvel 7,13.703.596/0001-38,-20.3379338,-40.3849322
Imóvel 9,13.703.596/0001-38,-20.6035881,-41.2034863
Imóvel2,13.703.596/0001-38,-20.3210463,-40.3427008
Imóvel 6,13.703.596/0001-38,-19.5353,-40.6303841
Imóvel 1,13.703.596/0001-38,-20.320013,-40.3302651
Imóvel 8,13.703.596/0001-38,-20.1946715,-40.2511505
Imóvel 4,13.703.596/0001-38,-20.8482389,-41.1128717
Imóvel 5,13.703.596/0001-38,-20.343095,-40.3882771
Edifício Itaim Business Center,13.842.683/0001-76,-23.5868058,-46.6779081
Imóvel 1,13.920.018/0001-53,-23.1996512,-46.8804917
Thera Coporate,13.966.653/0001-71,-23.5988754,-46.6902931
JUÍZ DE FORA,13.974.819/0001-00,-21.6801547,-43.4402844
Villaggio Lake & Gardens,14.056.001/0001-62,-23.0092652,-43.3005861
Reve Leblon,14.056.001/0001-62,-22.9841547,-43.2283054
Focus Business Center,14.056.001/0001-62,-22.9390173,-43.3438771
Costa Amalfitana,14.056.001/0001-62,-23.6254696,-46.6662574
AQ³ Industrial - Nova Iguaçu,14.069.202/0001-02,-22.7501278,-43.449166
AQ³ LOG Taubaté,14.069.202/0001-02,-22.999722,-45.5129223
AQ³ LOG Queimados,14.069.202/0001-02,-22.7160435,-43.5569907
Shopping Center Pátio Belém,14.088.246/0001-71,-1.4519565,-48.5020841
Arena Esportiva,14.149.745/0001-21,-23.5455669,-46.4750633
Condominio Perini Business Park,14.217.108/0001-45,-26.2415912,-48.8860158
FAZ.JUNIOR MAT26,14.365.190/0001-55,-13.0335494,-55.2540245
Edificio Torre Rio Sul,14.376.247/0001-11,-22.9569089,-43.1761858
Edificio Brascan Century Corporate - Bloco C,14.376.247/0001-11,-23.5843951,-46.6750788
AG. ZONA SUL,14.410.722/0001-29,-22.9694182,-43.1853633
SAO CAETANO DO SUL,14.410.722/0001-29,-23.6140723,-46.571911
ED. SEDE III,14.410.722/0001-29,-15.7981617,-47.88662220000001
SUPER VAR E GOV MT,14.410.722/0001-29,-15.5799963,-56.0994823
AG. CASA VERDE,14.410.722/0001-29,-23.5084743,-46.6569181
AG. MANAUS,14.410.722/0001-29,-3.1353575,-60.0230785
AG. MARINGA,14.410.722/0001-29,-23.4215907,-51.9398145
AG. AFONSO PENA,14.410.722/0001-29,-20.4641733,-54.6153646
AG. NOSSA SENHORA LAPA,14.410.722/0001-29,-23.5222167,-46.7034365
AG. PARAISO,14.410.722/0001-29,-23.5736002,-46.6427584
AG. ANA ROSA,14.410.722/0001-29,-23.5808802,-46.6396636
AG. SANTANA,14.410.722/0001-29,-23.5048825,-46.6266821
AG. BRAS,14.410.722/0001-29,-23.5422185,-46.61492740000001
AG. CINELANDIA,14.410.722/0001-29,-22.9094577,-43.1770263
AG. BONFIM,14.410.722/0001-29,-22.9003131,-47.0809724
AG. TIJUCA,14.410.722/0001-29,-22.9251536,-43.233504
AG.BELEM-CENTRO(PA),14.410.722/0001-29,-1.4332791,-48.4897866
AG. CENTRO - SOROCABA(SP),14.410.722/0001-29,-23.4999228,-47.4549386
AG. DUQUE DE CAXIAS,14.410.722/0001-29,-22.7004264,-43.2370665
AG. JACAREPAGUA,14.410.722/0001-29,-22.9182149,-43.3613313
AG. PONTA GROSSA,14.410.722/0001-29,-25.0969662,-50.1604191
AG. IPIRANGA-SP,14.410.722/0001-29,-23.5776064,-46.6083667
CSL SAO PAULO,14.410.722/0001-29,-23.5448124,-46.6350735
AG PASSO FUNDO,14.410.722/0001-29,-28.261078,-52.4069339
AG. UBERLANDIA,14.410.722/0001-29,-18.9170122,-48.2771138
AG. NITEROI (RJ),14.410.722/0001-29,-22.8934407,-43.1194716
AG. MOEMA,14.410.722/0001-29,-23.6081167,-46.6637789
AG. PINHEIROS,14.410.722/0001-29,-23.5678117,-46.6920096
AG. SAO JOSE DOS CAMPOS,14.410.722/0001-29,-23.1409144,-45.7893999
CSL CURITIBA,14.410.722/0001-29,-25.4296674,-49.2720406
AG. BAIRRO BOM RETIRO,14.410.722/0001-29,-23.5268353,-46.640412
AG. CATEDRAL-SOROCABA,14.410.722/0001-29,-23.49977,-47.4563693
CSL SAO PAULO,14.410.722/0001-29,-23.5451456,-46.6347337
SUPER VAR E GOV RS,14.410.722/0001-29,-30.0192159,-51.1846434
AG. CAMPOS GOYTACAZES,14.410.722/0001-29,-21.7614561,-41.3167841
AG. SAO JOSE RIO PRETO SP,14.410.722/0001-29,-20.8118709,-49.37994399999999
CSL BRASILIA,14.410.722/0001-29,-16.6717046,-49.25873319999999
AG. ASA NORTE 504,14.410.722/0001-29,-15.7765946,-47.8875902
AG. CONJUNTO NACIONAL,14.410.722/0001-29,-15.8325498,-48.0537958
AG. SANTO AMARO PAULISTA,14.410.722/0001-29,-23.651054,-46.7081965
PSO PIRACICABA,14.410.722/0001-29,-22.7252811,-47.6486311
AG. ARACATUBA,14.410.722/0001-29,-21.2063297,-50.4382136
AG. FLORIANOPOLIS,14.410.722/0001-29,-27.596621,-48.5490134
AG. JUIZ DE FORA,14.410.722/0001-29,-21.7605471,-43.3488908
AG. BROOKLIN PAULISTA,14.410.722/0001-29,-23.6247188,-46.6833814
AG. RIBEIRAO PRETO SP,14.410.722/0001-29,-21.1754087,-47.8073126
AG. TOLEDO,14.410.722/0001-29,-24.7334103,-53.7412372
AG. CAMPINAS,14.410.722/0001-29,-22.906242,-47.0601236
AG LEBLON,14.410.722/0001-29,-22.9829164,-43.22337419999999
AG. PCA XV NOVEMBRO/BESC,14.410.722/0001-29,-27.596827,-48.548837
CSL BELO HORIZONTE,14.410.722/0001-29,-19.9372008,-43.94107
AG. VILA CARRAO (SP),14.410.722/0001-29,-23.547957,-46.538109
AG. TAMOIOS BH,14.410.722/0001-29,-19.91925,-43.94348
AG.BELO HORIZONTE,14.410.722/0001-29,-19.9210725,-43.9392933
AG. PRACA DA ARVORE,14.410.722/0001-29,-23.6077254,-46.6381327
AG. PENHA FRANCA,14.410.722/0001-29,-23.5217471,-46.5471961
AG CAXIAS SUL,14.410.722/0001-29,-29.1684578,-51.1784332
AG. ALDEOTA,14.410.722/0001-29,-3.7361694,-38.4978242
AG. PC.RUI BARBOSA-BAURU,14.410.722/0001-29,-22.3213691,-49.07067259999999
AG. CARIJOS,14.410.722/0001-29,-19.9196067,-43.9370073
AG. GENERAL VALADAO,14.410.722/0001-29,-10.9095938,-37.0487132
AG. CAMPOS ELISEOS,14.410.722/0001-29,-23.5321572,-46.6460027
AG. FREGUESIA DO O,14.410.722/0001-29,-23.501786,-46.6945329
AG. ASA SUL 507,14.410.722/0001-29,-15.821319,-47.9541709
Atento Campo Grande,14.413.342/0001-48,-22.8657836,-43.5114637
Canopus Corp. Alpha,14.413.342/0001-48,-23.5034921,-46.84450959999999
JHSF Aeroporto,14.609.653/0001-87,-23.4266147,-47.2413064
Libero loja,14.631.148/0001-39,-23.5470703,-46.6364137
Imóvel RB 115,14.631.148/0001-39,-22.9032944,-43.1780878
Libero loja,14.631.148/0001-39,-23.546751,-46.6364259
Rodrigo Silva,14.631.148/0001-39,-22.9052448,-43.17691250000001
Cajamar,14.631.148/0001-39,-23.408111,-46.8562612
Charitas,14.631.148/0001-39,-22.9240876,-43.093324
Macaé RJ,14.631.148/0001-39,-22.3837126,-41.7827578
Itaboraí,14.631.148/0001-39,-22.746948,-42.859699
Indaiatuba,14.631.148/0001-39,-23.1241757,-47.2262423
Duque de Caxias,14.631.148/0001-39,-22.8174476,-43.2877531
Condado de Cascais,14.631.148/0001-39,-23.0060822,-43.3127267
São Joaquim,14.631.148/0001-39,-22.7447356,-42.895453
TLCH - BL1 APTO1304,14.665.312/0001-29,-1.3241416,-48.4489843
HAPPY PRAIA APTO 103,14.665.312/0001-29,-20.1995538,-40.2180702
MHR - ILHA DE KARPATHOS 304,14.665.312/0001-29,-27.5948036,-48.5569286
HAPPY MOOD APTO 306 /VG 255,14.665.312/0001-29,-29.9122825,-51.1866798
BPWR - BL6 APTO102,14.665.312/0001-29,-3.8448946,-38.3917424
Polo Shopping Indaiatuba,14.721.889/0001-00,-23.116326,-47.21942749999999
Edifício Pedro Mariz,14.733.211/0001-48,-23.5273399,-46.5046423
Condomínio do Shopping Praça da Moça,14.733.211/0001-48,-23.6916005,-46.6233279
Restaurante Ed. Vitor Malzoni - Torre Sul,14.788.492/0001-36,-23.586955,-46.682227
Edifício Empresarial Center I,14.793.782/0001-78,-8.1172021,-34.9023743
Edifício Suarez Trade,14.793.782/0001-78,-12.9809441,-38.4500898
Edifício Tenente Negrão,14.793.782/0001-78,-23.5851063,-46.6723422
Edifício Empresarial Center II,14.793.782/0001-78,-8.117588999999999,-34.90280389999999
Shopping Jardim Sul,14.879.856/0001-93,-23.6300221,-46.7362713
Macaé,15.006.267/0001-63,-22.9419239,-43.1734345
GT Plaza,15.006.267/0001-63,-23.6584015,-46.713463
DeckPark,15.006.286/0001-90,-23.501103,-46.848257
Imóvel 1,15.098.422/0001-19,-23.7189914,-46.6009865
Vila Olímpia Corporate,15.296.696/0001-12,-23.5946918,-46.6860024
Edificio Galeria,15.333.306/0001-37,-22.9026279,-43.17691079999999
Gremfeel,15.348.117/0001-38,-22.7887735,-43.2842635
Cariacica,15.348.117/0001-38,-20.3186673,-40.39154389999999
Paraupebas,15.348.117/0001-38,-6.0801399,-49.88576459999999
Atibaia,15.348.117/0001-38,-23.1037561,-46.5232027
Betim,15.348.117/0001-38,-19.9265881,-44.1078147
Duque de Caxias,15.348.117/0001-38,-22.7571277,-43.2862363
Pindamonhangaba,15.348.117/0001-38,-22.9502251,-45.4047141
São Luiz,15.348.117/0001-38,-11.4113492,-44.8881164
3 Centros de Convenções no Hotel Royal Tulip,15.461.076/0001-91,-19.9144191,-43.9375144
02 unidades tipo bangalôs Hotel Resort Txai Terravista,15.461.076/0001-91,-16.4910066,-39.0740031
34 un salas comerciais do THE ONE OFFICE TOWER TAUBATÉ,15.461.076/0001-91,-23.0296106,-45.5783028
Imóvel 1,15.463.207/0001-70,-22.8762748,-43.2128913
Supermercado Bahamas,15.489.509/0001-17,-21.6772041,-43.4484035
Supermercado Bahamas,15.489.509/0001-17,-21.790295,-43.3587728
Supermercado Bahamas,15.489.509/0001-17,-18.8890108,-48.2815877
Supermercado Bahamas,15.489.509/0001-17,-18.9447378,-48.2349594
Supermercado Bahamas,15.489.509/0001-17,-21.7708345,-43.3800243
Supermercado Bahamas,15.489.509/0001-17,-21.7232452,-43.3953613
Supermercado Bahamas,15.489.509/0001-17,-21.3976347,-42.69325569999999
Supermercado Bahamas,15.489.509/0001-17,-21.213006,-43.7717821
Supermercado Bahamas,15.489.509/0001-17,-21.1108075,-42.9548877
Supermercado Bahamas,15.489.509/0001-17,-21.6904778,-43.4406232
Supermercado Bahamas,15.489.509/0001-17,-21.5268676,-42.6337096
Supermercado Bahamas,15.489.509/0001-17,-21.383718,-42.692753
Granja,15.489.509/0001-17,-21.7896134,-43.3535635
Supermercado Bahamas,15.489.509/0001-17,-18.907202,-48.2618857
Supermercado Bahamas,15.489.509/0001-17,-21.8063177,-43.37633290000001
Supermercado Bahamas,15.489.509/0001-17,-21.1299234,-44.2508419
Supermercado Bahamas,15.489.509/0001-17,-21.6907796,-43.34848789999999
Edificio Comercial Badaró,15.538.445/0001-05,-23.5389258,-46.6340764
Edificio Comercial Belenzinho,15.538.445/0001-05,-23.6051166,-46.529087
Belem Novo,15.570.431/0001-60,-30.1557485,-51.1291667
Cruz Alta,15.570.431/0001-60,-28.6467693,-53.6068223
Camboim,15.570.431/0001-60,-29.833712,-51.1415106
Quarai,15.570.431/0001-60,-30.3864591,-56.4532889
General Camara,15.570.431/0001-60,-29.9097327,-51.7625274
Parobe,15.570.431/0001-60,-29.6324672,-50.8336233
Tancredo Neves,15.570.431/0001-60,-29.6933806,-53.8747505
Santa Rosa,15.570.431/0001-60,-27.8591814,-54.4378261
Sao Gabriel,15.570.431/0001-60,-30.337956,-54.322849
Campina,15.570.431/0001-60,-29.7440066,-51.1600792
Vacaria,15.570.431/0001-60,-28.5111509,-50.9359452
Scharlau,15.570.431/0001-60,-29.73303779999999,-51.1545986
Arroio do Sal,15.570.431/0001-60,-29.5477355,-49.89107389999999
Taquari,15.570.431/0001-60,-29.7951232,-51.8671125
Cassino,15.570.431/0001-60,-32.186471,-52.1614343
Vila Ipiranga,15.570.431/0001-60,-30.0205324,-51.1516581
Sapiranga,15.570.431/0001-60,-29.6362213,-51.0066102
Padre Claret,15.570.431/0001-60,-29.84886629999999,-51.1637662
Guaianases,15.576.907/0001-70,-23.5424895,-46.4182095
Inconfidência,15.576.907/0001-70,-19.9202124,-43.9419465
São Gonçalo,15.576.907/0001-70,-22.8226284,-43.0437373
Ag Pq. Maria Helena,15.576.907/0001-70,-23.5238391,-46.3008693
Nova Iguaçu,15.576.907/0001-70,-22.7590105,-43.4535472
Ag Industrial,15.576.907/0001-70,-18.9127749,-48.2755227
Hebraica,15.576.907/0001-70,-23.5721434,-46.6905242
Venda Nova,15.576.907/0001-70,-19.8119766,-43.9633636
Pirituba,15.576.907/0001-70,-23.4877455,-46.7210185
Jundiapeba,15.576.907/0001-70,-23.5440692,-46.2586269
Ipanema,15.576.907/0001-70,-22.9847641,-43.1993433
Santa Cecília,15.576.907/0001-70,-23.5345805,-46.6550234
Recreio dos Bandeirantes,15.576.907/0001-70,-23.0198169,-43.4895771
Pedro Vicente,15.576.907/0001-70,-23.5254811,-46.6268596
Paes Leme,15.576.907/0001-70,-23.5676031,-46.6988479
Estrada do Campo Limpo,15.576.907/0001-70,-23.6281094,-46.7674178
Guarapiranga,15.576.907/0001-70,-23.6673601,-46.7132918
Itaquaquecetuba,15.576.907/0001-70,-23.4767978,-46.3519541
Leme,15.576.907/0001-70,-22.9633836,-43.1726733
14 Bis,15.576.907/0001-70,-22.9095897,-43.1691335
Quitaúna,15.576.907/0001-70,-23.5268786,-46.7960922
Imirim,15.576.907/0001-70,-23.4965141,-46.63714359999999
Carapicuiba,15.576.907/0001-70,-23.5213924,-46.8330333
Italianos,15.576.907/0001-70,-23.5246606,-46.6439411
Rio Claro,15.576.907/0001-70,-22.4107714,-47.5629407
Planalto Paulista,15.576.907/0001-70,-23.6199661,-46.6478955
Mutinga,15.576.907/0001-70,-23.5062221,-46.7707053
Pátio do Colégio,15.576.907/0001-70,-23.5487565,-46.6330861
Jardim da Saúde,15.576.907/0001-70,-23.6143416,-46.6174868
Vila Mascote,15.576.907/0001-70,-23.6391375,-46.66941
Benedito Coutinho,15.576.907/0001-70,-23.551676,-46.8138828
Barra Funda,15.576.907/0001-70,-23.5365281,-46.6425962
Senador Queirós,15.576.907/0001-70,-23.5388106,-46.6352807
Meier,15.576.907/0001-70,-22.901816,-43.27883140000001
Capão Redondo,15.576.907/0001-70,-23.6431033,-46.7363351
Ag Av. Pres. Wilson      ,15.576.907/0001-70,-22.9123035,-43.1746307
Cipó-Guaçu,15.576.907/0001-70,-23.878914,-46.7940226
Bandeira,15.576.907/0001-70,-22.9126247,-43.2153487
Via Anchieta,15.576.907/0001-70,-23.6166746,-46.6013896
Estrada Rio do A,15.576.907/0001-70,-22.897431,-43.5652189
Av. Chile,15.576.907/0001-70,-22.9090138,-43.1805487
CEO Corporate Executive Offices,15.799.397/0001-09,-22.9856057,-43.3593467
Imóvel 1,15.862.591/0001-83,-22.9108275,-43.201253
Multimodal D Caxias,16.671.412/0001-93,-22.8006165,-43.2822061
Ed. The Corporate Macaé,16.802.320/0001-03,-22.4012269,-41.8082946
FORTALEZA-CEN,16.915.840/0001-14,-3.7340924,-38.5293741
AVENIDAS,16.915.840/0001-14,-23.5682341,-46.6475547
CONS. RODR. ALVES,16.915.840/0001-14,-23.5821604,-46.6391193
OUVIDOR,16.915.840/0001-14,-22.9032944,-43.1780878
S BERNARDO CAMPO,16.915.840/0001-14,-21.760497,-43.3497669
RIO-CANDELÁRIA,16.915.840/0001-14,-22.9023331,-43.1781497
VOLTA REDONDA-CEN,16.915.840/0001-14,-15.794544,-48.0388431
PORTO ALEGRE - 7 SET,16.915.840/0001-14,-26.993026,-51.2064521
SÃO GONÇALO - ALC,16.915.840/0001-14,-22.8210344,-43.0030524
RIBEIRAO PRETO,16.915.840/0001-14,-23.5688196,-46.64817790000001
BERRINI,16.915.840/0001-14,-23.6084073,-46.6934921
SANTOS,16.915.840/0001-14,-23.9328965,-46.3292273
NOVA PAULISTA 726,16.915.840/0001-14,-23.5712391,-46.644675
RIO - PÇA. PIO X,16.915.840/0001-14,-22.9002105,-43.1779928
DUQUE DE CAXIAS,16.915.840/0001-14,-3.730092,-38.5352675
SANTO ANDRÉ,16.915.840/0001-14,-23.6611088,-46.524724
URB-RIO - CENTRO,16.915.840/0001-14,-22.9032731,-43.1768534
LIBERDADE,16.915.840/0001-14,38.7190836,-9.1452967
BELO HORIZONTE,16.915.840/0001-14,-19.9294568,-43.9376433
SÃO MATEUS,16.915.840/0001-14,-23.6103945,-46.4771299
URB-SP - MONÇÕES,16.915.840/0001-14,-23.6133422,-46.6786069
BH - TIRADENTES,16.915.840/0001-14,-22.9068816,-43.1839756
MONSENHOR CELSO,16.915.840/0001-14,-23.6997564,-46.5517106
JUNDIAÍ,16.915.840/0001-14,-23.1872715,-46.884823
SÃO GONÇALO - CENT,16.915.840/0001-14,-22.8249539,-43.049509
ALTO DE PINHEIROS,17.007.443/0001-07,-23.55441,-46.71684630000001
173073 - JABAQUARA,17.007.443/0001-07,-23.6376979,-46.6457565
Casa Daros,17.007.528/0001-95,-22.9544862,-43.1792358
Hospital São Luiz - BLOCO C e E,17.025.970/0001-44,-23.5904289,-46.673047
Hospital São Luiz - BLOCO B,17.025.970/0001-44,-23.5913194,-46.6742225
Atento Salvador/BA,17.035.124/0001-05,-12.834166,-38.4707898
Atento Santos/SP,17.035.124/0001-05,-23.9339472,-46.333873
Ambev Santa Luzia/BH,17.035.124/0001-05,-19.8021931,-43.8702429
"GR Louveira - 90,18008%",17.143.998/0001-86,-23.082516,-46.9705386
Edifício Jatobá - 50%,17.144.039/0001-85,-23.5058248,-46.8371666
Ed.Berlioz,17.161.979/0001-82,-19.9389345,-43.9401395
Ed.Prime Savassi,17.161.979/0001-82,-19.9387863,-43.9321953
Ed.Berlioz,17.161.979/0001-82,-19.9389683,-43.9400669
Ed.Berlioz,17.161.979/0001-82,-19.9388297,-43.9400058
Ed.Prime Savassi,17.161.979/0001-82,-19.9390725,-43.9324673
Ed.Renaissance,17.161.979/0001-82,-19.9313063,-43.9326142
Ed.Prime Savassi,17.161.979/0001-82,-19.9390659,-43.9324918
Ed.Berlioz,17.161.979/0001-82,-19.9389043,-43.9400584
Ed.Severo Antunes,17.161.979/0001-82,-20.0744272,-44.5777618
Ed.Renaissance,17.161.979/0001-82,-19.9313006,-43.9327268
Ed.Berlioz,17.161.979/0001-82,-19.9387655,-43.94005
Ed.Berlioz,17.161.979/0001-82,-19.9389568,-43.9400624
Ed.Prime Savassi,17.161.979/0001-82,-19.9387525,-43.9321659
Fazenda Morada da Prata,17.198.500/0001-82,-8.2625656,-49.2694666
Fazenda São Roberto II,17.198.500/0001-82,-9.339120399999999,-50.33753670000001
Fazenda São Pedro do Pará,17.198.500/0001-82,-7.811377199999999,-50.76763700000001
Empreendimento Nun Vila Nova,17.209.378/0001-00,-23.5892089,-46.6725781
Empreendimento Trend Higienópolis,17.209.378/0001-00,-23.5424427,-46.648134
Recreio dos Bandeirantes,17.209.378/0001-00,-22.9389375,-43.3408269
Empreendimento Urban Resort,17.209.378/0001-00,-23.5389547,-46.6407438
JHSF Aeroporto,17.211.882/0001-37,-23.4266147,-47.2413064
Projeto Arbol (Idea Zarvos SPE 15 Ltda),17.216.625/0001-98,-23.5363127,-46.7026827
Projeto Flora (Idea Zarvos SPE 24 Ltda),17.216.625/0001-98,-23.5356006,-46.7024951
Edifício Corporate Park,17.282.011/0001-04,-23.5874205,-46.6722118
Praça Capital - Bloco 02,17.311.079/0001-74,-15.8053755,-47.9494153
Terminal Integrador de Santa Luzia,17.331.883/0001-15,-19.7935589,-43.8752467
Tower Bridge Corporate,17.365.105/0001-47,-23.6117616,-46.6970209
Edificio DOMO CORPORATE,17.374.696/0001-19,-23.6914704,-46.5499074
Shopping Crystal,17.554.274/0001-25,-25.4385984,-49.2817124
Center Shopping Rio,17.554.274/0001-25,-22.9185508,-43.3611271
Imóvel Ilha Plaza Shopping Center,17.554.274/0001-25,-22.8020438,-43.2022815
West Shopping,17.554.274/0001-25,-22.8859123,-43.5571732
Shopping Paralela,17.554.274/0001-25,-12.9366876,-38.3945855
Imóvel Shopping Belém,17.554.274/0001-25,-1.4579842,-48.4953617
Shopping Bonsucesso,17.590.518/0001-25,-23.4722663,-46.423568
Parque Shopping Maia,17.590.518/0001-25,-23.4435689,-46.5399074
IMÓVEL SANTA CRUZ,17.655.102/0001-48,-22.8838214,-43.5097512
SÃO JOÃO DE MERETI,17.655.102/0001-48,-22.7895139,-43.3641965
MOT  -  Morumbi  Officer Tower,17.655.115/0001-17,-23.6235849,-46.6967345
Galpão Industrial Jaraguá do Sul,17.655.115/0001-17,-26.5218185,-49.1343314
Eluma,17.655.115/0001-17,-23.5631279,-46.6540711
PIEM043,17.655.122/0001-19,-20.3308878,-40.311443
PIEM044,17.655.122/0001-19,34.5707423,-117.9342036
PIEM060,17.655.122/0001-19,-23.6051461,-46.4640926
PIEM056,17.655.122/0001-19,-22.9114073,-43.1744648
PIEM053,17.655.122/0001-19,-22.9728015,-49.9146218
PIEM069,17.655.122/0001-19,-23.4532515,-47.5071002
PIEM036,17.655.122/0001-19,33.93911,67.709953
PIEM007,17.655.122/0001-19,-20.2903988,-50.5437501
PIEM050,17.655.122/0001-19,-21.1518224,-48.9963914
PIEM045,17.655.122/0001-19,-23.6454084,-46.7084442
PIEM049,17.655.122/0001-19,-25.4341822,-49.2663144
PIEM058,17.655.122/0001-19,-23.2145154,-47.2845666
PIEM038,17.655.122/0001-19,-26.6019069,-48.7259638
PIEM051,17.655.122/0001-19,-23.6986045,-46.2489342
PIEM068,17.655.122/0001-19,-23.2934991,-47.6842274
PIEM047,17.655.122/0001-19,-22.8436857,-43.0819919
PIEM062,17.655.122/0001-19,-22.8796697,-42.0514071
PIEM012,17.655.122/0001-19,-20.815118,-49.39051490000001
PIEM035,17.655.122/0001-19,-12.9941779,-38.4711528
PIEM037,17.655.122/0001-19,-23.5161448,-46.7962697
PIEM055,17.655.122/0001-19,-20.8102451,-49.4117052
PIEM052,17.655.122/0001-19,38.7415982,-9.1468711
PIEM039,17.655.122/0001-19,-23.9492086,-46.4145304
PIEM067,17.655.122/0001-19,-22.8110923,-43.287387
PIEM048,17.655.122/0001-19,-21.8324975,-48.1517265
PIEM006,17.655.122/0001-19,-20.284011,-50.2467389
PIEM046,17.655.122/0001-19,-22.5576625,-44.1256101
PIEM065,17.655.122/0001-19,-22.2537092,-42.53781540000001
PIEM059,17.655.122/0001-19,-3.1029613,-59.95958099999999
PIEM061,17.655.122/0001-19,-23.9523114,-46.4154501
PIEM054,17.655.122/0001-19,-22.4274231,-47.5747463
Shopping Taboão Plaza Outlet,17.854.016/0001-64,-23.6096807,-46.7695401
Ed. Mario Garnero - Torre Sul,18.259.637/0001-62,-23.5701496,-46.6905665
Camaçari,18.265.829/0001-81,-12.7013955,-38.3075968
Camaçari,18.265.829/0001-81,-12.7013955,-38.3075968
Salvador,18.265.829/0001-81,-12.9838069,-38.4536515
Srinhaém,18.265.829/0001-81,-8.639665700000002,-35.1197116
Jundiaí,18.265.829/0001-81,-23.1675328,-46.9270344
Camaçari,18.265.829/0001-81,-12.7001932,-38.325345
Camaçari,18.265.829/0001-81,-12.7001932,-38.325345
MR SHAN BUSINESS OFFICE,18.289.950/0001-43,-30.0352984,-51.1765719
Ibis Budget Curitiba Centro (10 apartamentos)),18.308.516/0001-63,-25.4341698,-49.2604432
Novotel Porto Alegre Aeroporto (13 apartamentos),18.308.516/0001-63,-29.9866298,-51.1807824
Ibis Canoas (11 apartamentos),18.308.516/0001-63,-29.910958,-51.1843887
SHOPPING PÁTIO ALCÂNTARA,18.311.024/0001-27,-22.8221962,-43.0497546
Berfort Roxo (C&C),18.330.535/0001-96,-22.7452836,-43.3764985
Osasco (B2W e Royality),18.330.535/0001-96,-23.5263956,-46.76383300000001
Nova Iguaçu (C&C),18.330.535/0001-96,-22.7364419,-43.4524
Shopping Praça Rio Grande,18.330.535/0001-96,-32.0479365,-52.1447736
IMÓVEL CONASA,18.369.510/0001-04,-27.6570298,-48.6784639
Visage Oeste 2001,18.497.672/0001-10,-16.6881703,-49.2685888
Lac de Rose 402,18.497.672/0001-10,-16.6830681,-49.2761778
Premier Vision 3202,18.497.672/0001-10,-16.701563,-49.2383063
Premier L'Allure 1801,18.497.672/0001-10,-16.6630785,-49.2307512
Edifício Antares 301,18.497.672/0001-10,-16.6848554,-49.2714702
Praia Grande 502,18.497.672/0001-10,-16.6938273,-49.23853390000001
Visage Arena 1701,18.497.672/0001-10,-16.703198,-49.2428399
Visage Sudoeste 801,18.497.672/0001-10,-16.7144545,-49.2846851
Premier Blanc 2302,18.497.672/0001-10,-16.7275532,-49.3698379
Nome: Casa 30 Villa Garden,18.570.740/0001-29,-23.6480651,-46.6772066
Cobertura Santa Elena,18.570.740/0001-29,-23.6495146,-46.6935908
Cobertura Vila Mascote,18.570.740/0001-29,-23.6471269,-46.6668604
IMÓVEL DEL CASTILHO,18.579.302/0001-21,-22.8790996,-43.265887
Imóvel 3,18.836.451/0001-29,-19.8229028,-43.9675309
Imóvel 4,18.836.451/0001-29,-19.8231146,-43.9679251
Imóvel 6,18.836.451/0001-29,-19.8229028,-43.9675309
Imóvel 1,18.836.451/0001-29,-19.9219024,-43.9706073
Imóvel 7,18.836.451/0001-29,-19.9487189,-44.0083423
Imóvel 5,18.836.451/0001-29,-19.8229028,-43.9675309
Shoppiung Cidade,18.874.965/0001-79,-19.9215113,-43.9400666
Santa Efigênia,18.929.353/0001-36,-19.9272183,-43.922402
Itajaí - SC,18.950.957/0001-64,-12.9929748,-38.5259383
Parauapebas- PA,18.950.957/0001-64,-6.1063362,-49.9744366
São José - SC,18.950.957/0001-64,-27.5653121,-48.6156079
Ribeirão Preto - SP,18.950.957/0001-64,-21.2020164,-47.7843513
Linhares- ES,18.950.957/0001-64,-27.0854899,-48.6067675
Vilhena - RO,18.950.957/0001-64,-11.7934513,-61.06183699999999
Arapongas - PR,18.950.957/0001-64,-22.6824542,-49.4148399
Araucária - PR,18.950.957/0001-64,-25.5959555,-49.4050703
Petrolina - PE,18.950.957/0001-64,-9.3935186,-40.5125158
Campo Grande - MS,18.950.957/0001-64,-5.8589768,-35.2493025
Colombo- PR,18.950.957/0001-64,-25.3683839,-49.1896393
Lucas do Rio Verde - MT,18.950.957/0001-64,-13.0780024,-55.9468484
Umuarama - PR,18.950.957/0001-64,-23.7802381,-53.30073969999999
Hortolândia - SP,18.950.957/0001-64,-22.8869299,-47.1942659
FL 3500,19.239.245/0001-02,-23.5890583,-46.68146549999999
Leblon Office Tower,19.249.956/0001-50,-22.9859029,-43.2273795
Leblon Office Tower,19.249.956/0001-50,-22.9859029,-43.2273795
Imóvel 3,19.267.845/0001-76,-23.5775252,-46.6868419
Imóvel 4,19.267.845/0001-76,-23.5775252,-46.6868419
Imóvel 8,19.267.845/0001-76,-23.6088377,-46.68373889999999
Imóvel 6,19.267.845/0001-76,-23.5584896,-46.6518655
Imóvel 10,19.267.845/0001-76,-21.8320793,-46.8934827
Imóvel 1,19.267.845/0001-76,-23.5408331,-46.6498858
Imóvel 2,19.267.845/0001-76,-23.5408258,-46.6498481
Imóvel 9,19.267.845/0001-76,-23.5819032,-46.68199260000001
São Paulo Corporate Towers - 100%,19.419.994/0001-03,-23.5916617,-46.6879693
Boulevard Corporate Tower,19.442.626/0001-86,-19.9109191,-43.9097284
Ed. Artemis,20.003.001/0001-05,-8.058312899999999,-34.8875036
Lojas Leader,20.003.001/0001-05,-22.9031815,-43.5565496
Tech Town,20.003.001/0001-05,-22.9013279,-47.2001486
Brookfield Towers,20.132.453/0001-89,-16.7000101,-49.24707919999999
Edifício comercial Raja Quick,20.265.467/0001-70,-19.9480013,-43.9604775
Ville Celestine - Residence Service,20.265.467/0001-70,-19.9470438,-43.95437769999999
Residencial os Inconfidentes,20.265.467/0001-70,-19.9841083,-43.94060349999999
Edificio Comercial Cassio Resende II,20.265.467/0001-70,-19.9257417,-43.9388924
Condomínio FL Corporate,20.680.775/0001-62,-23.5943615,-46.68053
Condomínio Vera Cruz II,20.680.775/0001-62,-23.5944002,-46.6799034
Condomínio Edifício Capital Plaza,20.680.775/0001-62,-23.559222,-46.697465
Concessionária,20.680.775/0001-62,-23.6410143,-46.7235224
Condomínio Edifício Praça Faria Lima,20.680.775/0001-62,-23.5930143,-46.679972
Edifício Aspen,20.680.775/0001-62,-23.5954341,-46.6854636
Condomínio Edifício Paddock I,20.680.775/0001-62,-23.5823294,-46.6918444
Riverside,20.680.775/0001-62,-23.5765067,-46.6950654
Condomínio FL Faria Lima,20.680.775/0001-62,-23.5947624,-46.6818726
JK1600,20.680.775/0001-62,-23.591316,-46.684987
Loja Comercial,20.680.775/0001-62,-23.5293641,-46.7379636
Prédio Santo Amaro,20.680.775/0001-62,-23.6586019,-46.7139336
Cidade Jardim Corporate Center,20.680.775/0001-62,-23.6012594,-46.6979457
Edifício Plaza I,20.680.775/0001-62,-23.6107148,-46.6958435
Praça Rio Grande Shopping,20.717.355/0001-03,-32.0479365,-52.1447736
GPA São Paulo,20.748.515/0001-81,-23.5145545,-46.7292765
Megafort - Contagem,20.748.515/0001-81,-19.865546,-44.04886
Hotel Indaiatuba Plaza,20.787.427/0001-99,-23.1167952,-47.2224019
Edifício Barão de Tefé,21.044.600/0001-21,-3.3473698,-64.7091998
Loja 529,21.126.204/0001-43,-29.7674988,-51.145011
Loja 555,21.126.204/0001-43,-23.5127134,-46.1969826
Loja 581,21.126.204/0001-43,-22.9136437,-47.0562274
Loja 113,21.126.204/0001-43,-23.5661397,-46.69130639999999
Loja 517,21.126.204/0001-43,-9.974377200000001,-67.8093344
Loja 561,21.126.204/0001-43,-12.9797977,-38.5145911
Loja 22,21.126.204/0001-43,-30.0510215,-51.2134146
Loja 53,21.126.204/0001-43,-29.9191981,-51.180918
Loja 568,21.126.204/0001-43,-3.7275862,-38.5282001
Loja 54,21.126.204/0001-43,-23.1868815,-46.88565879999999
Loja 504,21.126.204/0001-43,-25.4341251,-49.2724834
Loja 514,21.126.204/0001-43,0.0334339,-51.0506626
Loja RS-5,21.126.204/0001-43,-30.0282625,-51.2256752
Loja 51,21.126.204/0001-43,-23.7147628,-46.5493848
Loja 570,21.126.204/0001-43,-23.470905,-47.4851488
Loja 569,21.126.204/0001-43,-23.5449198,-46.6389816
Loja PE-6,21.126.204/0001-43,-8.0799816,-34.9057969
Loja 536-B,21.126.204/0001-43,-19.9187651,-43.9418161
Loja 659-C,21.126.204/0001-43,-1.4543905,-48.5022753
Loja 659-G,21.126.204/0001-43,-1.4542534,-48.5019042
Loja 543,21.126.204/0001-43,-22.9056575,-43.5602065
Loja PA-1,21.126.204/0001-43,-1.4538007,-48.50270339999999
Loja 93,21.126.204/0001-43,-16.6755901,-49.2616408
Loja 659-F,21.126.204/0001-43,-1.4539767,-48.5014067
Loja 130,21.126.204/0001-43,-27.597655,-48.5506261
Loja 536,21.126.204/0001-43,-19.918561,-43.9414063
Loja 11,21.126.204/0001-43,-30.030635,-51.2319102
Loja 596,21.126.204/0001-43,-22.9027826,-43.281395
Loja 512-B,21.126.204/0001-43,-15.6002172,-56.0966388
Escritório Central,21.126.204/0001-43,-23.5220778,-46.6556562
Loja 528,21.126.204/0001-43,-5.786387299999999,-35.2067326
Loja 80,21.126.204/0001-43,-7.2182359,-35.8837822
Loja 513,21.126.204/0001-43,-3.1349429,-60.02411550000001
Loja 512,21.126.204/0001-43,-15.5999624,-56.0967481
Loja RS-10,21.126.204/0001-43,-32.0317513,-52.09355430000001
Loja 558,21.126.204/0001-43,-3.1338826,-60.0239621
Loja 104,21.126.204/0001-43,-23.5278341,-46.7766842
Loja 659-D,21.126.204/0001-43,-1.4535569,-48.5018289
Loja 659-B,21.126.204/0001-43,-1.454633,-48.50265719999999
Loja 592,21.126.204/0001-43,-2.5306198,-44.3023092
Loja 552,21.126.204/0001-43,-30.0277437,-51.2262513
Loja 659,21.126.204/0001-43,-1.4536499,-48.5024315
Loja 546,21.126.204/0001-43,-23.7059479,-46.5514222
Loja 47,21.126.204/0001-43,-23.6964364,-46.6354887
Loja 512-C,21.126.204/0001-43,-15.6002172,-56.0966388
Loja 521,21.126.204/0001-43,-30.030635,-51.2319102
Loja 574,21.126.204/0001-43,-22.8722866,-43.33885799999999
Loja 39,21.126.204/0001-43,-22.7867924,-43.3105929
Loja 91,21.126.204/0001-43,-7.9825534,-34.9143755
Loja 589,21.126.204/0001-43,-9.6634247,-35.7374038
Loja 120,21.126.204/0001-43,-2.5208888,-44.2683924
Loja 567,21.126.204/0001-43,-12.2635152,-38.9657217
Loja 66,21.126.204/0001-43,-7.119839100000001,-34.885926
Loja 98,21.126.204/0001-43,-27.8154699,-50.3288124
Loja PE-4,21.126.204/0001-43,-8.063479,-34.8829781
Loja 564,21.126.204/0001-43,-23.4921021,-46.4410381
Loja 132,21.126.204/0001-43,-20.3208096,-40.3367945
Loja 518,21.126.204/0001-43,-23.6854125,-46.62598
Loja PE-7,21.126.204/0001-43,-8.044078599999999,-34.960223
Loja 591,21.126.204/0001-43,-22.3212129,-49.0663214
Loja 541,21.126.204/0001-43,-22.9843309,-43.19913529999999
Escritório,21.126.204/0001-43,-23.5217744,-46.6557432
Loja 87,21.126.204/0001-43,-5.092454699999999,-42.8149189
Loja 184,21.126.204/0001-43,-19.9173742,-43.9371589
Loja 60,21.126.204/0001-43,-8.063507399999999,-34.8828704
Loja 550,21.126.204/0001-43,-23.4699753,-46.5303388
Loja 61,21.126.204/0001-43,-8.0577401,-34.8829629
Loja 10,21.126.204/0001-43,-23.5491177,-46.6339733
Loja 515,21.126.204/0001-43,-23.6520661,-46.7050614
Loja 72,21.126.204/0001-43,-23.0265951,-45.5550879
Loja 551,21.126.204/0001-43,-8.1141462,-34.9516259
Loja 506,21.126.204/0001-43,-22.9718199,-43.1878277
Loja 69,21.126.204/0001-43,-29.164983,-51.20928869999999
Loja 519,21.126.204/0001-43,-8.764190400000002,-63.9016343
Loja 582,21.126.204/0001-43,-30.0273683,-51.2246986
Loja 512-D,21.126.204/0001-43,-15.6002172,-56.0966388
30º Andar do Edifício Castello Branco,21.408.063/0001-51,-22.9090138,-43.1805487
Edifício Botafogo,21.500.481/0001-74,-22.9488963,-43.1838346
Shopping Internacional Guarulhos,21.500.500/0001-62,-23.4537355,-46.4705909
Imóvel I,22.003.469/0001-17,-6.5300841,-49.8517283
Conjunto residencial JD EUROPA,22.003.469/0001-17,-6.5300841,-49.8517283
"Gleba G,",22.103.617/0001-75,-8.398109,-35.0609851
Lojas Belian - Osasco/SP,22.340.978/0001-35,-23.5313279,-46.777763
Lojas Belian - Santos/SP,22.340.978/0001-35,-23.9675012,-46.3340702
Sítio Taguaíba,22.340.978/0001-35,-23.9939372,-46.25745740000001
Lojas Belian - Lapa/SP,22.340.978/0001-35,-23.5215024,-46.704811
Loja Comercial,22.340.978/0001-35,-23.71006,-46.5509339
Edifício Ronaldo Sampaio Ferreira,22.340.978/0001-35,-23.6022097,-46.6922319
Loja Comercial,22.340.978/0001-35,-23.5102676,-46.5721828
Edifício Aroeira,22.340.978/0001-35,-23.5491986,-46.7200721
Lojas Belian - Santo Amaro/SP,22.340.978/0001-35,-23.6506198,-46.7041338
Loja Comercial,22.340.978/0001-35,-23.7103348,-46.5514452
Lojas Belian - Lapa/SP,22.340.978/0001-35,-23.5200966,-46.7053899
Edifício Aplub São Paulo,22.340.978/0001-35,-23.5437836,-46.6403663
Lojas Belian - Guarulhos/SP,22.340.978/0001-35,-23.4696571,-46.527545
Edifício English Building,22.340.978/0001-35,-23.563013,-46.6464345
Lojas Belian - Osasco/SP,22.340.978/0001-35,-23.5332576,-46.7753234
Lojas Belian - Santo Amaro/SP,22.340.978/0001-35,-23.6536819,-46.7067567
Loja Comercial,22.340.978/0001-35,-23.6550656,-46.70784279999999
Shopping Heliópolis,22.340.978/0001-35,-23.6985032,-46.779409
Loja Comercial,22.340.978/0001-35,-23.7100612,-46.5514518
Lojas Belian - Capão Redondo,22.340.978/0001-35,-23.6770627,-46.7735467
Lojas Belian - Vila Nova Cachoeirinha/SP,22.340.978/0001-35,-23.4653556,-46.6350121
Lojas Belian - Santos/SP,22.340.978/0001-35,-23.9677149,-46.3340644
Lojas Belian - Vila Nova Cachoeirinha/SP,22.340.978/0001-35,-23.4703725,-46.66565139999999
Edifício Generali,22.340.978/0001-35,-23.5459854,-46.6412992
Lojas Belian - Santos/SP,22.340.978/0001-35,-23.9680129,-46.33400839999999
Lojas Belian - Mogi das Cruzes,22.340.978/0001-35,-23.5237041,-46.19561969999999
Lojas Belian - Santo Amaro/SP,22.340.978/0001-35,-23.6519936,-46.70688699999999
Loja Comercial,22.340.978/0001-35,-23.5469346,-46.6090817
Loja Comercial,22.340.978/0001-35,-23.7100603,-46.5514422
Lojas Belian - Santos/SP,22.340.978/0001-35,-23.9674855,-46.3341488
Loja Comercial,22.340.978/0001-35,-23.6547089,-46.7069626
Lojas Belian - Santos/SP,22.340.978/0001-35,-23.9675264,-46.33407630000001
Edifício Bloco A-3 - Conjunto Habitacional de Vila Mariana,22.340.978/0001-35,-23.6175014,-46.6390668
Lojas Belian - Maurá/SP,22.340.978/0001-35,-23.6663393,-46.4597908
Edifício English Building,22.340.978/0001-35,-23.563013,-46.6464345
Lojas Belian - Vila Nova Cachoeirinha/SP,22.340.978/0001-35,-23.4706271,-46.6526734
Lojas Belian - Santo André/SP,22.340.978/0001-35,-23.657548,-46.5271245
Lojas Belian - Santo Amaro/SP,22.340.978/0001-35,-23.6523909,-46.7054868
Loja Comercial,22.340.978/0001-35,-23.6518484,-46.706185
Lojas Belian - Centro de Santo André/SP,22.340.978/0001-35,-23.5316179,-46.6533885
Frad.E - Unid. 102 - Bl 9 - Village Acqua,22.646.161/0001-90,-23.0069216,-44.3185172
Empreendimento Tijuca Royale - Unidade 604,22.646.161/0001-90,-22.9264765,-43.2428798
Hotel Ribeirão Preto,22.684.264/0001-44,-21.2171405,-47.8184172
Condomínio Pax Perdizes,22.888.670/0001-29,-23.5408404,-46.6807619
Condomínio VN Casa Alameda Campinas,22.888.670/0001-29,-23.5672062,-46.6546353
Condomínio Pax Perdizes,22.888.670/0001-29,-23.5408404,-46.6807619
Condomínio VN Casa Alameda Campinas,22.888.670/0001-29,-23.5672062,-46.6546353
Condomínio VN Casa Alameda Campinas,22.888.670/0001-29,-23.5672062,-46.6546353
Condomínio #Tag Decor#,22.888.670/0001-29,-23.6141538,-46.6281769
Condomínio VN Casa Alameda Campinas,22.888.670/0001-29,-23.5672062,-46.6546353
Condomínio VN Casa Alameda Campinas,22.888.670/0001-29,-23.5672062,-46.6546353
Condomínio #Tag Decor#,22.888.670/0001-29,-23.6141538,-46.6281769
Condomínio Pax Perdizes,22.888.670/0001-29,-23.5408404,-46.6807619
ARTEMIS,23.381.427/0001-82,-23.6009532,-46.5844341
Imòvel  1,23.426.470/0001-17,-22.8781526,-43.6490295
WTORRE JK - TORRE E,23.532.837/0001-87,-23.5913123,-46.68339
Empreendimento MV9,23.537.203/0001-17,-22.8992742,-43.180389
Centro Empresarial Sylvio Fraga,23.538.112/0001-04,-22.9607189,-43.20562109999999
Wtorre Morumbi,23.570.871/0001-46,-23.624593,-46.7024568
Emprendimento Cidade Jardim,23.582.914/0001-03,-23.5835852,-46.686365
TORRES DO JARDIM I - Torre 1 - unid 74,23.740.552/0001-31,-22.7416283,-47.6309274
TORRES DO JARDIM III - Torre 2 - unid 105,23.740.552/0001-31,-22.7399264,-47.6315861
ALAMEDA DAS PALMEIRAS - Torre 1 - unid 14,23.740.552/0001-31,-24.2666623,-49.10571359999999
Hospital Ifor,23.781.211/0001-04,-23.7127002,-46.5469107
Imóvel 38,23.964.908/0001-10,-23.5277235,-46.8151646
Imóvel 19,23.964.908/0001-10,-22.9991671,-43.2674496
Imóvel 23,23.964.908/0001-10,-20.9184697,-49.4485168
Imóvel 27,23.964.908/0001-10,-15.6255987,-56.138735
Imóvel 10,23.964.908/0001-10,-6.4148508,-35.2823416
Imóvel 7,23.964.908/0001-10,-23.8130323,-47.715786
Imóvel 21,23.964.908/0001-10,-12.9808412,-38.4514819
Imóvel 26,23.964.908/0001-10,-25.3548038,-49.1690212
Imóvel 14,23.964.908/0001-10,-23.2360702,-48.1302842
Imóvel 33,23.964.908/0001-10,-22.3155297,-49.0708221
Imóvel 29,23.964.908/0001-10,-22.884162,-43.3442989
Imóvel 20,23.964.908/0001-10,-22.6546807,-43.0381736
Imóvel 9,23.964.908/0001-10,-6.4148508,-35.2823416
Imóvel 8,23.964.908/0001-10,-6.438343499999999,-35.2211619
Imóvel 2,23.964.908/0001-10,-12.9777334,-38.501648
Imóvel 12,23.964.908/0001-10,-21.092795,-45.5628734
Imóvel 25,23.964.908/0001-10,-22.9507506,-43.3489617
Imóvel 5,23.964.908/0001-10,-13.432916,-49.1424015
Imóvel 36,23.964.908/0001-10,-23.7957929,-46.5120247
Imóvel 37,23.964.908/0001-10,-22.9068467,-43.1728965
Imóvel 16,23.964.908/0001-10,-5.2841542,-44.49160149999999
Imóvel 1,23.964.908/0001-10,-12.9777334,-38.501648
Imóvel 11,23.964.908/0001-10,-6.0914535,-35.208231
Imóvel 24,23.964.908/0001-10,-22.9510417,-43.3495283
Imóvel 30,23.964.908/0001-10,-22.9015678,-42.9854287
Imóvel 32,23.964.908/0001-10,-8.1252459,-34.9085546
Imóvel 28,23.964.908/0001-10,-15.7059896,-56.1318267
Imóvel 31,23.964.908/0001-10,-23.5296244,-46.2173771
Imóvel 35,23.964.908/0001-10,-19.933695,-43.9491001
Imóvel 22,23.964.908/0001-10,-25.5436454,-49.1909077
Imóvel 6,23.964.908/0001-10,-21.7566147,-41.3483498
Imóvel 15,23.964.908/0001-10,-23.8078669,-47.7232369
Imóvel 4,23.964.908/0001-10,-23.980926,-46.233527
Imóvel 34,23.964.908/0001-10,-19.9317017,-43.9526533
Imóvel 17,23.964.908/0001-10,-29.0293699,-51.1814301
Imóvel 3,23.964.908/0001-10,-20.5198559,-54.567882
Imóvel 18,23.964.908/0001-10,-19.871223,-44.049095
Imóvel 13,23.964.908/0001-10,-6.0914535,-35.208231
Saneamento Tocantins,24.853.060/0001-15,-10.3490605,-48.3298427
Edifício Metro Office II,26.132.504/0001-59,-23.5693497,-46.6975128
Unidade 181,26.395.660/0001-02,-23.553974,-46.6389606
CBP Ribeirão Preto,97.521.194/0001-02,-21.1988531,-47.756901
