CNPJ_Fundo;Data_Referencia;Versao;Data_Informacao_Numero_Cotistas;Total_Numero_Cotistas;Numero_Cotistas_Pessoa_Fisica;Numero_Cotistas_Pessoa_Juridica_Nao_Financeira;Numero_Cotistas_Banco_Comercial;Numero_Cotistas_Corretora_Distribuidora;Numero_Cotistas_Outras_Pessoas_Juridicas_Financeira;Numero_Cotistas_Investidores_Nao_Residentes;Numero_Cotistas_Entidade_Aberta_Previdencia_Complementar;Numero_Cotistas_Entidade_Fechada_Previdência_Complementar;Numero_Cotistas_Regime_Proprio_Previdencia_Servidores_Publicos;Numero_Cotistas_Sociedade_Seguradora_Resseguradora;Numero_Cotistas_Sociedade_Capitalizacao_Arrendamento_Mercantil;Numero_Cotistas_FII;Numero_Cotistas_Outros_Fundos;Numero_Cotistas_Distribuidores_Fundo;Numero_Cotistas_Outros_Tipos;Valor_Ativo;Patrimonio_Liquido;Cotas_Emitidas;Valor_Patrimonial_Cotas;Percentual_Despesas_Taxa_Administracao;Percentual_Despesas_Agente_Custodiante;Percentual_Rentabilidade_Efetiva_Mes;Percentual_Rentabilidade_Patrimonial_Mes;Percentual_Dividend_Yield_Mes;Percentual_Amortizacao_Cotas_Mes
00.332.266/0001-31;2016-11-01;1;2016-11-30;28;;;;;;;;;;;;;;;;462706957.83;461547477.7;2584398;178.589937656661;0.000124;0;-0.015778;-0.022555;0.006777;0
00.332.266/0001-31;2016-12-01;1;2016-12-31;28;22;2;0;0;0;1;0;1;0;0;0;1;0;0;1;463624078.85;461276076.55;2584398;178.484922426809;0.000125;0;0.012449;-0.000588;0.013037;0
00.613.094/0001-74;2016-10-01;1;2016-10-31;159;141;6;2;;4;;;6;;;;;;;;187913452.2;182876585.35;758400;241.134738066983;0;2.8E-05;-9E-05;-9E-05;0;0
00.613.094/0001-74;2016-11-01;1;2016-11-30;160;142;6;2;1;3;0;0;6;0;0;0;0;0;0;0;187617524.69;182796969.34;758400;241.029759150844;0;2.79223447650877E-05;-0.000435;-0.000435;0;0
00.613.094/0001-74;2016-12-01;1;2016-12-30;159;141;6;2;1;3;0;0;6;0;0;0;0;0;0;0;188115185.25;183794746.07;758400;242.345393024789;0;2.77484536907422E-05;0.005458;0.005458;0;0
00.762.723/0001-28;2016-11-01;1;2016-11-30;495;;;;;;;;;;;;;;;;123475408.92;122275752.91;36319906;3.36663186600758;0.000218;0;0.016057;0.006386;0.009671;0
00.762.723/0001-28;2016-12-01;1;2016-12-31;556;549;3;0;0;0;0;0;1;0;0;0;1;0;0;2;123561066.55;122319795.14;36319906;3.36784448561073;0.00022;0;0.010256;0.00036;0.009896;0
00.868.235/0001-08;2016-11-01;1;2016-11-30;7;;;;;;;;;;;;;;;;102560346.59;102045694.82;54316;1878.7409754032;0.00021;0;0.108846;0.104894;0.003952;0
00.868.235/0001-08;2016-12-01;1;2016-12-31;7;1;0;0;0;0;2;0;3;0;0;0;1;0;0;0;102613295.04;101976754.68;54316;1877.47173355917;0.00021;0;0.004224;-0.000676;0.0049;0
01.201.140/0001-90;2016-11-01;2;2016-11-30;561;;;;;;;;;;;;;;;;688339995.3;679452767.5;61019165;11.1350715385896;0.000796;0;0.072985;0.065806;0.007179;0
01.201.140/0001-90;2016-12-01;2;2016-12-31;591;581;5;0;0;0;3;0;1;0;0;0;0;0;0;1;691940372.86;679441306.74;61019165;11.1348837162882;8.2E-05;0;0.011934;-1.7E-05;0.011951;0
01.235.622/0001-61;2016-12-01;2;2016-12-30;52;37;;;;;;;;;;;;1;14;;2092341121.59;2021615953.51;692257;2920.32576558995;0.0005;0;-0.088336;-0.1577;0.069364;0
01.356.517/0001-80;2016-11-01;1;2016-11-30;6;6;0;0;0;0;0;0;0;0;0;0;0;0;0;0;253515977.1;157734012.27;56701;2781.85591559232;0.0004;0;0.0314;0.0314;;
01.356.517/0001-80;2016-12-01;1;2016-12-31;6;6;0;0;0;0;0;0;0;0;0;0;0;0;0;0;258651715.97;129154258.01;56701;2277.81270189238;0.0004;0;0.0314;0.0314;;
01.497.954/0001-14;2016-11-01;1;2016-11-30;5;;;;;;;;;;;;;;;;125218501.18;124554117.89;8703994;14.3099958352453;0.000112;0.000116;0.00322;0.00322;0;0
01.497.954/0001-14;2016-12-01;1;2016-12-31;6;3;3;;;;;;;;;;;;;;125391604.94;124747748.47;8703994;14.3322420109665;0.000114;0;0.003261;0.001555;0.001706;0
01.601.918/0001-59;2016-11-01;2;2016-11-30;8;;;;;;;;;;;;;;;;65841788.31;65811593.23;500000;131.62318646;0.00042;1.3E-05;0.02739;0.02739;0;0
01.601.918/0001-59;2016-12-01;1;2016-12-31;8;0;0;1;0;0;0;0;1;0;0;0;0;0;0;6;63490734;63411524.22;500000;126.82304844;0.000467;1.1E-05;0.005317;-0.036469;0.041786;0
01.633.741/0001-72;2016-10-01;1;2016-10-31;233;;;;;;;;;;;;;;;;92748867.12;92390852.85;508008;181.868893501677;0.0002067;2.1E-05;0.0018454;0.0005804;0.001265;
01.633.741/0001-72;2016-11-01;1;2016-11-30;241;;;;;;;;;;;;;;;;92740481.04;92423139.68;508008;181.932449252768;0.000205;2.1E-05;0.001723;0.000349;0.001374;
01.633.741/0001-72;2016-12-01;1;2016-12-29;241;229;2;;;;1;;7;;;;2;;;;67761265.6;67560023.12;508008;132.990077164139;0.00027;2.9E-05;-0.262418;-0.269014;0.006596;
01.636.325/0001-28;2016-11-01;1;;4;;;;;;;;;;;;;;;;214193584.33;210560069.41;233608;901.339292361563;0.002999;0.000108;0.007045;0.000843;0.006202;0
01.636.325/0001-28;2016-12-01;2;2016-12-31;4;;4;;;;;;;;;;;;;;226131249.15;222432980.24;233608;952.163368720249;0.00305864773314451;0.000112558816134302;0.063715;0.056387;0.007328;0
01.657.856/0001-05;2016-11-01;1;2016-11-30;85;;;;;;;;;;;;;;;;49298933.18;48803373.37;4200000;11.619850802381;0.003416;0.000448;0.006966;0.000288;0.006678;0
01.657.856/0001-05;2016-12-01;1;2016-12-31;88;84;4;;;;;;;;;;;;;;47246149.07;46764001.52;4200000;11.1342860761905;0.00388809648640179;0.000514006270180277;-0.035098;-0.041788;0.00669;0
01.964.775/0001-40;2016-10-01;1;2016-10-31;6;;;;;;;;;;;;;;;;1275832.82;826051.92;12583000;0.065648249225145;0.1132;;0.00572;0.00572;;
01.964.775/0001-40;2016-11-01;1;2016-11-30;6;;;;;;;;;;;;;;;;1536707.84;1084050.9;12583000;0.0861520225701343;0.072386;0;0.008685;0.008685;0;
01.964.775/0001-40;2016-12-01;3;2016-12-31;6;;1;;;;;;5;;;;;;;;1557716.55;1108738.71;12583000;0.0881140197091314;0.028924;0;0.022774;0.022774;0;
02.027.437/0001-44;2016-11-01;1;2016-11-30;12;;;;;;;;;;;;;;;;68400939.57;67977292.67;140000;485.5520905;0.000276;0;-0.08883;-0.092863;0.004033;0
02.027.437/0001-44;2016-12-01;1;2016-12-31;12;10;2;0;0;0;0;0;0;0;0;0;0;0;0;0;68506167.52;68207998.37;140000;487.199988357143;0.000275;0;0.007508;0.003394;0.004114;0
02.508.235/0001-14;2016-11-01;2;2016-11-30;5;;;;;;;;;;;;;;;;76055974.23;75826800.96;17100;4434.31584561403;0.000453;0;0.061627;0.048312;0.013315;0
02.508.235/0001-14;2016-12-01;1;2016-12-31;5;4;1;;;;;;;;;;;;;;76043003.63;75793938.86;17100;4432.39408538012;0.000454;0;0.012372;-0.000433;0.012805;0
03.251.720/0001-18;2016-10-01;1;2016-10-31;838;;;;;;;;;;;;;;;;307484126.94;303852960.01;750000;405.137280013333;0.00029;1E-05;0.00466;6E-05;0.0046;
03.251.720/0001-18;2016-11-01;1;2016-11-30;838;;;;;;;;;;;;;;;;307529423.44;303936313.75;750000;405.248418333333;0.000297;9E-06;0.004592;0.000274;0.004318;
03.251.720/0001-18;2016-12-01;1;2016-12-29;832;817;8;;;;;;4;;;;2;1;;;276261424.22;272503008.31;750000;363.337344413333;0.000349;1E-05;-0.098959;-0.1034;0.004441;
03.507.519/0001-59;2016-11-01;1;2016-11-30;1096;;;;;;;;;;;;;;;;354611616.08;353604268.82;578353;611.39869391185;0.000107;0;0.006701;0.001297;0.005404;0
03.507.519/0001-59;2016-12-01;1;2016-12-31;1105;1091;7;0;0;0;0;0;0;0;0;0;1;0;0;6;356251528.37;352038076.96;578353;608.690673273935;0.000108;0;0.009833;-0.004429;0.014262;0
03.683.056/0001-86;2016-11-01;1;2016-11-30;3799;;;;;;;;;;;;;;;;247376746.78;246679897.3;138509272;1.78096306289156;0.000565;6.1E-05;-0.011549;-0.018;0.006451;0
03.683.056/0001-86;2016-12-01;1;2016-12-31;3883;3854;8;0;0;0;0;0;6;0;0;0;2;2;0;11;247572820.69;246594520.87;138509272;1.78034666783896;0.000519;6E-06;0.006203;-0.000346;0.006549;0
03.855.441/0001-63;2016-11-01;1;2016-11-30;2;;;;;;;;;;;;;;;;2265088033.66;149994491.31;144210661;1.04010681505718;0.000751;4E-06;0.037425;0.037425;0;0
03.855.441/0001-63;2016-12-01;1;2016-12-31;2;;1;;1;;;;;;;;;;;;2100726204.74;110620452.33;144210661;0.767075412891979;0.000727;0.000675;-0.018752;-0.018752;0;0
04.141.645/0001-03;2016-11-01;1;2016-11-30;1770;;;;;;;;;;;;;;;;220681458.09;213066965.38;69033500;3.08642855106579;0.000954;0.000562;0.004607;0.000574;0.004033;0
04.141.645/0001-03;2016-12-01;1;2016-12-31;1785;1760;25;;;;;;;;;;;;;;191363722.73;183261541.09;69033500;2.65467549943144;0.00121429716609615;0.00070936754775055;-0.133641;-0.139888;0.006247;0
04.782.236/0001-88;2016-10-01;1;2016-10-31;3;;;;;;;;;;;;;;;;433364843.64;389031068.84;2355484;165.159716151755;0.00025;6.4E-05;0.0104609;0.0005919;0.009869;
04.782.236/0001-88;2016-11-01;1;2016-11-30;3;;;;;;;;;;;;;;;;432383709.46;389167132.5;2355484;165.21748078102;0.0002702;6.13E-05;0.007432;0.00035;0.007082;
04.782.236/0001-88;2016-12-01;2;2016-12-30;3;;1;;;;1;;;;;;;1;;;465055601.76;418842047.85;2355484;177.81570490396;0.000255;5.7E-05;0.085588;0.078083;0.007505;
05.437.916/0001-27;2016-10-01;1;2016-10-31;680;;;;;;;;;;;;;;;;125427068.01;124848688.29;355000;351.686445887324;0.000305;1.6E-05;0.0034869;0.0003869;0.0031;
05.437.916/0001-27;2016-11-01;1;2016-11-30;682;;;;;;;;;;;;;;;;125378458.9;124820781.93;355000;351.607836422535;0.000305;1.6E-05;0.002905;-0.000223;0.003128;
05.437.916/0001-27;2016-12-01;1;2016-12-29;681;671;1;;;;2;;;;;;5;2;;;118080507.16;117539620.7;355000;331.097523098592;0.000324;1.7E-05;-0.057991;-0.058332;0.000341;
06.175.262/0001-73;2016-10-01;1;;445;;;;;;;;;;;;;;;;37183638.42;36744057.58;236000.00001751;155.695159225736;0.000304868344374067;0;0.013682;0.002384;0.011298;0
06.175.262/0001-73;2016-11-01;1;;444;;;;;;;;;;;;;;;;37197009.8;36746441.74;236000.00001751;155.705261598617;0.000305;0;0.011636;6.5E-05;0.011571;0
06.175.262/0001-73;2016-12-01;1;2016-12-30;445;440;3;;;;;;;;;;1;1;;;38115052.27;37662618.32;236000.00001751;159.587365750871;0.000297;0;0.036145;0.024932;0.011213;0
07.000.400/0001-46;2016-10-01;1;2016-10-31;3507;;;;;;;;;;;;;;;;505454241.53;495420647.92;130000;3810.92806092308;0.000129;0;0.00566931;0.005611;5.831E-05;0
07.000.400/0001-46;2016-11-01;1;2016-11-30;3507;3344;157;;;;;;;;;;;;;;506131921.64;495456368.71;130000;3811.20283623077;1.521E-06;6.38E-07;0.00672;0.006656;6.4E-05;0
07.000.400/0001-46;2016-12-01;1;2016-12-30;3495;3338;157;0;0;0;0;0;0;0;0;0;0;0;0;0;484479947.52;474004200.09;130000;3646.18615453846;0.000163;7.3E-05;-0.037404;-0.043497;0.006093;0
07.583.627/0001-61;2016-10-01;1;2016-10-31;1;0;0;0;0;0;0;0;0;0;0;0;0;0;0;0;2885166407.46;1559301309.55;224952;6931.70680656318;0.000119;0;0.002206;0.002206;;
07.583.627/0001-61;2016-11-01;1;2016-11-30;1;0;0;0;0;0;0;0;0;0;0;0;0;0;0;0;2889039510.12;1562546185.44;224952;6946.13155446495;0.000118;0;0.002081;0.002081;0;0
07.583.627/0001-61;2016-12-01;1;2016-12-31;1;0;1;0;0;0;0;0;0;0;0;0;0;0;0;0;3122458284.05;1788303609.37;224952;7949.71198020022;0.000103;0;0.14448;0.14448;0;0
07.789.135/0001-27;2016-09-01;1;2016-09-30;52;49;;;;;1;;;;;;;2;;;1241269193.93;1114357272.2;451113;2470.23976741969;0.000332;0;0.004788;0.004665;0.000123;0
07.789.135/0001-27;2016-10-01;1;2016-10-31;52;;;;;;;;;;;;;;;;1247004982.05;1121668458.39;451113;2486.44676254065;6.5E-05;0;0.006561;0.006561;0;0
07.789.135/0001-27;2016-11-01;1;2016-11-30;52;;;;;;;;;;;;;;;;1252279863.66;1129417400.8;451113;2503.62414915997;1.7E-05;0;0.006908;0.006908;0;0
07.789.135/0001-27;2016-12-01;1;2016-12-31;52;49;;;;;1;;;;;;;2;;;1343472697.51;1198882020.56;451113;2657.60911470075;0.000100246594693164;0;0.08176;0.061505;0.020255;0
08.417.532/0001-30;2016-11-01;1;2016-11-30;2;;;;;;;;;;;;;;;;1211812632.43;-45720407.09;46971;-973.375212152179;0.003861;1.8E-05;0.05607;0.05607;0;0
08.417.532/0001-30;2016-12-01;1;2016-12-31;2;;2;;;;;;;;;;;;;;1403063796.74;143489937.07;46971;3054.86229950395;0.001422;5E-06;4.138422;4.138422;0;0
08.693.497/0001-82;2016-10-01;1;2016-10-31;53;;;;;;;;;;;;;;;;140519999.39;140158731.43;550084;254.795142978163;0.00027;5.7E-05;0.007251;0.007251;0;0
08.693.497/0001-82;2016-11-01;1;2016-11-30;53;;;;;;;;;;;;;;;;141570105.36;140448955.45;550084;255.322742435701;0.000461;5.3E-05;0.007409;0.002071;0.005338;0
08.693.497/0001-82;2016-12-01;3;2016-12-30;53;53;0;0;0;0;0;0;0;0;0;0;0;0;0;0;125156837.84;124016170.11;550084;225.449513365231;0.000325;6.5E-05;-0.111675;-0.117002;0.005327;0
08.696.175/0001-97;2016-11-01;1;;2805;;;;;;;;;;;;;;;;158629440.24;157951835.33;927162;170.360557626391;0.000107;0;0.007407;1.2E-05;0.007395;0
08.696.175/0001-97;2016-12-01;1;2016-12-31;2844;2833;9;;;;;;;1;;;1;;;;158708523.07;158199094.95;927162;170.627242003016;0.000107;0;0.009018;0.001565;0.007453;0
09.006.914/0001-34;2016-10-01;1;2016-10-31;2316;;;;;;;;;;;;;;;;130670567.86;124942769.73;1851786;67.4714949405601;9.2E-05;0;0.012313;-0.029635;0.041948;0
09.006.914/0001-34;2016-11-01;1;2016-11-30;2387;;;;;;;;;;;;;;;;126744855.13;125453684.08;1851786;67.7473985006907;9.2E-05;0;0.011719;0.004731;0.006988;0
09.006.914/0001-34;2016-12-01;2;2016-12-30;2462;2430;12;0;0;0;0;0;20;0;0;0;0;0;0;0;136621038.97;135416759.45;1851786;73.1276505222526;8.7E-05;0;0.064098;0.057122;0.006976;0
09.150.967/0001-24;2016-10-01;1;2016-10-31;1;;;;;;;;;;;;;;;;113085218.58;18674547.99;68613;272.172153819247;0.000223120259844105;0.000111559862177955;0.013095;0.013095;;
09.150.967/0001-24;2016-11-01;1;2016-11-30;1;;;;;;;;;;;;;;;;112427638.43;18786862.92;68613;273.809087490709;0.000221786;0.0001108929;0.006014;0.006014;;
09.150.967/0001-24;2016-12-01;2;2016-12-30;1;;;;;1;;;;;;;;;;;112029785.29;19160254.88;68613;279.251087694752;0.0002174642;0.000108731;0.019875;0.019875;;
09.350.920/0001-04;2016-11-01;2;2016-11-30;55;;;;;;;;;;;;;;;;99382326.04;99349667.04;981472;101.225166932933;0.000304;0;-0.003963;-0.003963;0;0
09.350.920/0001-04;2016-12-01;1;2016-12-31;55;55;;;;;;;;;;;;;;;99408302.9;99354443.9;981472;101.230033969385;0.000304;0;0.007655;4.8E-05;0.007607;0
10.347.505/0001-80;2016-10-01;1;2016-10-31;245;;;;;;;;;;;;;;;;152917736.84;141147939.48;135000.0625;1045.53980839824;0.000555;7.1E-05;0.010483;0.010483;0;0
10.347.505/0001-80;2016-11-01;1;2016-11-30;266;;;;;;;;;;;;;;;;193953586.99;193818940.88;193519.2724;1001.54852008425;0.00044;5.2E-05;0.011366;-0.042062;0.053428;0
10.347.505/0001-80;2016-12-01;1;2016-12-30;267;266;0;0;0;0;0;0;0;0;0;0;1;0;0;0;196195755.42;195997631.46;193519.2724;1012.80678161541;0.000589;5.1E-05;0.011233;0.011233;0;0
10.347.985/0001-80;2016-10-01;1;2016-10-31;2508;;;;;;;;;;;;;;;;218044358.45;217009850.37;2710000;80.0774355608856;0.000676;4.6E-05;0.002907;-0.000554;0.003461;0
10.347.985/0001-80;2016-11-01;1;2016-11-30;2466;;;;;;;;;;;;;;;;217893354.1;216897991.61;2710000;80.0361592656827;0.000674;4.6E-05;0.001983;-0.000515;0.002498;0
10.347.985/0001-80;2016-12-01;1;2016-12-30;2441;2426;4;0;0;0;4;0;0;0;0;0;3;4;0;0;208085543.58;207056936.8;2710000;76.4047737269373;0.000752;4.8E-05;0.004814;0.000441;0.004373;0
10.348.185/0001-83;2016-10-01;1;2016-10-31;649;;;;;;;;;;;;;;;;941893842.18;854773629.21;817554.1363;1045.52541692033;0.000555;2.4E-05;0.010483;0.010483;0;0
10.348.185/0001-83;2016-11-01;1;2016-11-30;628;;;;;;;;;;;;;;;;1080525498.71;1059609913.68;1057971.6234;1001.54852005835;0.000471;2E-05;0.010671;-0.042062;0.052733;0
10.348.185/0001-83;2016-12-01;1;2016-12-30;634;633;0;0;0;0;0;0;0;0;0;0;1;0;0;0;1092259657.05;1071610429.03;1057971.6234;1012.89146639507;0.000589;2.6E-05;0.011325;0.011325;0;0
10.456.799/0001-89;2016-11-01;1;2016-11-30;2;;;;;;;;;;;;;;;;380812891.51;338718611.97;31219;10849.7585435152;0.000742;4.9E-05;0.00845;0.00845;0;0
10.456.799/0001-89;2016-12-01;1;2016-12-31;2;;2;;;;;;;;;;;;;;381976162.4;339878598.37;31219;10886.9149674877;0.00074;0;0.003425;0.003425;0;0
10.456.810/0001-00;2016-11-01;3;2016-11-30;181;;;;;;;;;;;;;;;;59036579.67;58767362.79;463277;126.851457745582;0.0004197;5E-05;0.01525;0.01115;0.0041;0
10.456.810/0001-00;2016-12-01;1;2016-12-31;180;178;1;0;0;0;0;0;0;0;0;0;0;1;0;0;59127025.38;58832061.38;463277;126.991111969729;0.000416;5.1E-05;0.0052;0.001101;0.004099;0
10.522.648/0001-81;2016-12-01;2;2016-12-30;54;53;;;;;;;;;;;1;;;;72612574.98;72265999.97;59466;1215.24904937275;0.000647;3.7E-05;-0.197708;-0.200195;0.002487;0
10.991.914/0001-15;2016-10-01;1;2016-10-31;636;628;3;;;;;;1;4;;;;;;;161004693.37;159311261.64;68518;2325.10087334715;0.0004368;0.000124;0.0083816;0.008303;7.86E-05;
10.991.914/0001-15;2016-11-01;1;2016-11-30;636;628;8;;;;;;;;;;;;;;161076747.14;159370401.16;68518;2325.96399719782;0.0004364;0.0001238;0.008373;0.008294;7.9E-05;
10.991.914/0001-15;2016-12-01;2;2016-12-31;640;632;8;;;;;;;;;;;;;;156128672.34;154417132.42;68518;2253.67250094866;0.000476;0.000128;-0.030998;-0.03108;8.2E-05;
11.044.355/0001-07;2016-10-01;1;;2;;;;;;;;;;;;;;;;201654697.56;148241646.63;13959.88482993;10619.1167359898;0.000129093142413376;3.83935292772726E-05;-3.9E-05;-0.00476;0.004721;0
11.044.355/0001-07;2016-11-01;1;;2;;;;;;;;;;;;;;;;202479053.31;148928095.22;14035.25608762;10610.9994922974;0.000128;4.6E-05;0.004633;-0.000764;0.005397;0
11.044.355/0001-07;2016-12-01;1;2016-12-30;2;;;;;;;;;;;;;2;;;294492189.02;240781892.19;14139.01951612;17029.6032136799;0.000128;4.6E-05;0.612276;0.604901;0.007375;0
11.233.841/0001-65;2016-10-01;1;;1;;;;;;;;;;;;;;;;166924164.93;166851971.14;1310444.47640794;127.324716265246;8.5E-05;4.1E-05;0.020984;0.009107;0.011877;0
11.233.841/0001-65;2016-11-01;1;;1;;;;;;;;;;;;;;;;167715905.48;167325542.88;1310444.47640794;127.68609879501;8.5E-05;4.1E-05;0.009672;0.002838;0.006834;0
11.233.841/0001-65;2016-12-01;1;2016-12-30;1;;;;;;;;;;;;;1;;;166818787.48;165874467.51;1310444.47640794;126.578783379421;8.6E-05;4.1E-05;-6.4E-05;-0.008672;0.008608;0
11.268.335/0001-01;2016-12-01;1;2016-12-30;1;;;;;;;;;;;;;1;;;198416221.19;193323844.77;153.4270025;1260037.94390756;8E-05;7.2E-05;-0.006171;-0.006171;0;0
11.281.322/0001-72;2016-12-01;1;2016-12-30;1801;1778;14;;;;1;;;;;;4;4;;;126295008.25;126147414.93;195000;646.909820153846;0.000298;4E-06;-0.179552;-0.182081;0.002529;0
11.701.400/0001-40;2016-10-01;1;;7;;;;;;;;;;;;;;;;27790913.73;27328930.35;12243472.19789;2.23212254728767;0.000572;0.000403;-0.007636;-0.007636;0;0
11.701.400/0001-40;2016-11-01;1;;7;;;;;;;;;;;;;;;;30197101.47;29750938.94;13300000;2.23691270225564;0.000525;0.00037;0.002146;0.002146;0;0
11.701.400/0001-40;2016-12-01;1;2016-12-30;7;4;1;;;;;;2;;;;;;;;30041750.32;29323782.59;13300000;2.20479568345865;0.000533;0.000828;-0.006155;-0.014358;0.008203;0
11.945.604/0001-27;2016-10-01;1;;304;;;;;;;;;;;;;;;;68192600.06;67034526.69;126522.998804;529.82088097552;0.000382;4.5E-05;-0.036566;-0.039398;0.002832;0.011329
11.945.604/0001-27;2016-11-01;2;;304;;;;;;;;;;;;;;;;66955895.07;66617322.17;126522.998804;526.523421035875;0.000374;4.5E-05;0.008694;0.00571;0.002984;0.011934
11.945.604/0001-27;2016-12-01;2;2016-12-31;305;292;;;;;1;1;4;;;;;6;;1;65993704.96;65592052.15;126522.998804;518.419992965945;0.000402;4.6E-05;-0.012179;-0.012989;0.00081;0.002402
12.358.507/0001-09;2016-10-01;1;2016-10-31;53;;;;;;;;;;;;;;;;639465386.55;637687129.11;400235;1593.28176973528;9.9E-05;0;0.00199;0.00199;0;0
12.358.507/0001-09;2016-11-01;1;2016-11-30;53;;;;;;;;;;;;;;;;642445586.53;641262853.2;400235;1602.21583119917;9.9E-05;0;0.006783;0.006783;0;0
12.358.507/0001-09;2016-12-01;1;2016-12-30;53;53;;;;;;;;;;;;;;;640175701.31;639724098.57;400235;1598.37120334304;0.000109;;0.002513;0.002513;;
12.681.340/0001-04;2016-10-01;1;2016-10-31;4269;;;;;;;;;;;;;;;;146104140.59;144627135.11;1590000;90.9604623333333;0.000439;3.8E-05;0.0086;-0.0001;0.0087;0
12.681.340/0001-04;2016-11-01;1;2016-11-30;4476;;;;;;;;;;;;;;;;147670561.21;146172185.04;1590000;91.9321918490566;0.000433;3.8E-05;0.010217;0.001532;0.008685;0
12.681.340/0001-04;2016-12-01;1;2016-12-30;4624;4600;17;0;0;0;0;1;6;0;0;0;0;0;0;0;154805978.04;152918995.26;1590000;96.1754687169811;0.000458;4E-05;0.066927;0.05573;0.011197;0
12.804.013/0001-00;2016-11-01;1;2016-11-30;1;;;;;;;;;;;;;;;;195643162.23;36298507.26;50000;725.9701452;0.000142;0;-0.00288;-0.00288;0;0
12.804.013/0001-00;2016-12-01;1;2016-12-31;1;;1;;;;;;;;;;;;;;198656401.24;36128077.36;50000;722.5615472;0.000691;0;-0.004695;-0.004695;0;0
12.834.763/0001-17;2016-10-01;1;;236;;;;;;;;;;;;;;;;31463970.27;31324664.9;66085;474.005672996898;0.000356;0;0.004961;0.001878;0.003083;0
12.834.763/0001-17;2016-11-01;1;;231;;;;;;;;;;;;;;;;31601435.06;31439139.3;66085;475.737902701067;0.000355;0;0.006731;0.003654;0.003077;0
12.834.763/0001-17;2016-12-01;1;2016-12-31;229;228;;;;;;;;;;;;1;;;31299339.51;27894455.05;66085;422.099645153968;0.000442;0;-0.005854;-0.009373;0.003519;0.103374
12.927.767/0001-40;2016-10-01;1;2016-10-31;2;0;0;0;0;0;0;0;0;0;0;0;0;0;0;0;4765158201.46;71466610.78;100100000;0.713952155644343;0.003028;0.000168;-0.004448;-0.004448;0;0
12.927.767/0001-40;2016-11-01;1;2016-11-30;2;0;0;0;0;0;0;0;0;0;0;0;0;0;0;0;4764108742.06;71200521.07;100100000;0.711293916783217;0.003039;0.000169;-0.003724;-0.003724;0;0
12.927.767/0001-40;2016-12-01;1;2016-12-30;2;0;0;0;0;0;0;0;0;0;0;0;0;1;0;1;4763738734.05;70826591.91;100100000;0.707558360739261;0.003062;0.000169;-0.005251;-0.005251;0;0
12.948.291/0001-23;2016-11-01;1;2016-11-30;814;;;;;;;;;;;;;;;;96293415.92;96222481.95;91100;1056.22922008782;0.000228;0;0.125953;0.120226;0.005727;0
12.948.291/0001-23;2016-12-01;1;2016-12-31;802;789;5;0;0;0;0;0;2;0;0;0;1;4;0;1;95858935.28;95798636.4;91100;1051.57668935236;0.000229;0;0.001654;-0.004405;0.006059;0
12.978.943/0001-72;2016-10-01;2;2016-10-31;1;;;;;;;;;;;;;;;;415328279.99;-4735710.38;100;-47357.1038;0;;0;0;;
12.978.943/0001-72;2016-11-01;1;2016-11-30;1;;;;;;;;;;;;;;;;414368251.58;-4840353.75;100;-48403.5375;4.3E-05;;-0.022096;-0.022096;;
12.978.943/0001-72;2016-12-01;2;2016-12-30;1;;;;;1;;;;;;;;;;;411869324.01;-4995601.69;100;-49956.0169;0.00083406769;0.000417;-0.026431;-0.026431;;
12.989.974/0001-29;2016-10-01;1;2016-10-31;1;0;0;0;0;0;0;0;0;0;0;0;0;0;0;0;10473418672.94;5861145609.96;4735662339.00747;1.23766121618975;0.000796;1E-05;-0.000606;-0.000606;0;0
12.989.974/0001-29;2016-11-01;1;2016-11-30;1;0;0;0;0;0;0;0;0;0;0;0;0;0;0;0;10468877660.89;5856875920.65;4735662339.00747;1.23675961278048;0.000796;1E-05;-0.000729;-0.000729;0;0
12.989.974/0001-29;2016-12-01;2;2016-12-30;1;0;0;0;0;0;0;0;0;0;0;0;0;0;0;1;7416342151.19;2410209576.21;4735662339.00747;0.508948781326151;0.002131;2.8E-05;-0.588482;-0.588482;0;0
13.012.312/0001-67;2016-11-01;1;2016-11-30;1;;;;;;;;;;;;;;;;240406985.66;-1782838.8;100;-17828.3879999998;0.0001258194715552;;-0.028187;-0.028187;;
13.012.312/0001-67;2016-12-01;1;2016-12-30;1;;;;;1;;;;;;;;;;;238130626.99;-1792600.33;100;-17926.0033;2.11306E-05;1.05653E-05;-0.005475;-0.005475;;
13.022.994/0001-99;2016-11-01;1;2016-11-30;60;;;;;;;;;;;;;;;;724997936.78;712545078.87;769708;925.734276985558;5.4E-05;0;0.006765;0.001294;0.005471;0
13.022.994/0001-99;2016-12-01;1;2016-12-31;60;56;3;0;0;0;0;0;0;0;0;0;0;1;0;0;735639139.66;711532019.86;769708;924.418116818326;5.4E-05;0;0.021605;-0.001422;0.023027;0
13.320.290/0001-00;2016-10-01;1;2016-10-31;1;;;;;;;;;;;;;;;;45211004.36;45154185;47945.8773344;941.774090086427;6.6E-05;0.000155;4E-06;4E-06;0;0
13.320.290/0001-00;2016-11-01;1;2016-11-30;1;;;;;;;;;;;;;;;;45185315.32;45123834.93;47945.8773344;941.141083211022;0.000222;0;-0.000672;-0.000672;0;0
13.320.290/0001-00;2016-12-01;1;2016-12-30;1;0;0;0;0;0;0;0;0;0;0;0;0;1;0;0;45185315.32;45123834.93;47945.8773344;941.141083211022;0.000222;0;-0.000672;-0.000672;0;0
13.371.132/0001-71;2016-10-01;1;2016-10-31;3772;3761;5;;;;2;;;;;;2;1;;1;708403732.21;701225176.79;6452944;108.667482127537;0.00079;0;0.0123;0.004;0.0083;0
13.371.132/0001-71;2016-11-01;1;2016-11-30;3765;3755;;;1;3;2;;;;;;2;1;;1;699011907.67;691945836.26;6452944;107.229481033773;0.00079;0;-0.005319;-0.013233;0.007914;0
13.371.132/0001-71;2016-12-01;1;2016-12-29;3904;3892;1;;;6;2;;;;;;2;1;;;698808683.86;691644854.98;6452944;107.182838558649;0.000837;0;0.007865;-0.000435;0.0083;0
13.464.208/0001-03;2016-10-01;1;;76;;;;;;;;;;;;;;;;15661119.69;15183592.78;46135;329.112231061017;0.00053182406278944;0.000189928697495008;-0.0145839734636542;-0.0145839734636542;;0.0220974577505463
13.464.208/0001-03;2016-11-01;1;;76;;;;;;;;;;;;;;;;15305400.79;14909930.36;46135;323.180456486399;0.000542;0.000193;-0.012878;-0.018024;0.005146;0.018354
13.464.208/0001-03;2016-12-01;1;2016-12-30;78;75;1;;;;;;;;;;1;1;;;15082724.42;14691275.21;46135;318.440992955457;0.00055;0.000196;0.006925;-0.003045;0.00997;0.01162
13.500.306/0001-59;2016-11-01;1;2016-11-30;1636;;;;;;;;;;;;;;;;130702102.15;130574269.02;101664;1284.37076074127;0.00013;0;0.01561;0.0099;0.00571;0
13.500.306/0001-59;2016-12-01;2;2016-12-31;1628;1470;21;1;0;0;5;0;0;0;0;0;1;2;0;128;130740841.37;130576747.83;101664;1284.39514311851;0.00013;0;0.005704;1.9E-05;0.005685;0
13.568.181/0001-07;2016-11-01;1;2016-11-30;1;;;;;;;;;;;;;;;;102370927.64;2639328.55;46807.07857835;56.3873805023322;0.001578685;0.00078934;-0.007934;-0.007934;;
13.568.181/0001-07;2016-12-01;2;2016-12-30;1;;;;;1;;;;;;;;;;;101497138.12;2626193.33;46807.07857835;56.1067558532637;1.58E-05;7.9266E-06;-0.004976;-0.004976;;
13.584.584/0001-31;2016-10-01;1;2016-10-31;1;;;;;;;;;;;;;;;;49596994.8;49564050.23;38399844;1.29073571835344;0.000535;0;-0.002403;-0.002403;0;0
13.584.584/0001-31;2016-11-01;1;2016-11-30;1;;;;;;;;;;;;;;;;49555753.85;49482463.85;38399844;1.28861106440953;0.001339;;-0.001646;-0.001646;;
13.584.584/0001-31;2016-12-01;1;2016-12-30;1;1;;;;;;;;;;;;;;;49457675.91;49377223.73;38399844;1.28587042515069;0.001473;;-0.002127;-0.002127;;
13.652.006/0001-95;2016-10-01;1;;1687;;;;;;;;;;;;;;;;107282370.27;106535053.5;1078000;98.8265802411874;0.000183;5.6E-05;0.00779;0.001009;0.006781;0
13.652.006/0001-95;2016-11-01;1;;1684;;;;;;;;;;;;;;;;106740977.16;106546613.07;1078000;98.8373034044527;0.000183;5.6E-05;0.001606;0.000109;0.001497;0
13.652.006/0001-95;2016-12-01;1;2016-12-30;1655;1649;3;;;;;;;;;;2;1;;;99466947.04;99202803.13;1078000;92.0248637569573;0.000216;6E-05;-0.067034;-0.068926;0.001892;0
13.726.079/0001-84;2016-10-01;1;2016-10-31;2;0;0;0;0;0;0;0;0;0;0;0;0;2;0;0;362463936.93;46356267.89;50880.828623;911.075333176576;0.00054361580746314;0;-0.001659;-0.001659;0;0
13.726.079/0001-84;2016-11-01;1;2016-11-30;2;0;0;0;0;0;0;0;0;0;0;0;0;0;0;0;362459422.83;49741197.43;54681.569591;909.651968698917;0.000507;0.000911;-0.001562;-0.001562;0;0
13.726.079/0001-84;2016-12-01;1;2016-12-30;2;0;0;0;0;0;0;0;0;0;0;0;0;2;0;0;362457643.98;53128862.24;58490.9491;908.326212131853;0.000474;9.4E-05;-0.001457;-0.001457;0;0
13.842.683/0001-76;2016-10-01;1;2016-10-31;12;;;;;;;;;;;;;;;;32807934.21;32728750.76;32908.55029011;994.536388612535;0.001788;0;0.000887;0.000887;0;0
13.842.683/0001-76;2016-11-01;1;2016-11-30;12;;;;;;;;;;;;;;;;32761120.44;32682223.64;32908.55029011;993.122557872809;0.001782;;-0.001422;-0.001422;;
13.842.683/0001-76;2016-12-01;1;2016-12-30;13;;;;;;;;;12;;;;1;;;43516818.4;43429806.86;42817.35234542;1014.30388571529;0.1528;;0.021328;0.021328;;
13.873.457/0001-52;2016-10-01;1;2016-10-31;2788;;;;;;;;;;;;;;;;113160354.54;112298561.99;752500;149.233969421927;0.000282;1.2E-05;0.007626;0.000253;0.007373;0
13.873.457/0001-52;2016-11-01;1;2016-11-30;2816;0;0;0;0;0;0;0;0;0;0;0;0;0;0;0;100140817.17;99279201.85;752500;131.932494152824;0.000317;1.3E-05;-0.108564;-0.115935;0.007371;0
13.873.457/0001-52;2016-12-01;1;2016-12-30;2839;2832;4;0;0;0;0;0;0;0;0;0;0;0;0;3;100321028.33;99104612.8;752500;131.700482126246;0.00032;1.4E-05;0.009838;-0.001759;0.011597;0
13.920.018/0001-53;2016-10-01;1;2016-10-31;3;;;;;;;;;;;;;;;;89701342.52;54793835.74;37058.606974;1478.57246168057;0.0006;0;0.01;0.01;0;0
14.056.001/0001-62;2016-10-01;1;;79;;;;;;;;;;;;;;;;70012071.12;67212106.56;51699979;1.30004127390458;0.000268;5.2E-05;0.024164;0.024164;0;0
14.056.001/0001-62;2016-11-01;1;;79;;;;;;;;;;;;;;;;69982286.4;69970285.66;51699979;1.35339098803116;0.000257;5E-05;0.065319;0.065319;0;0
14.056.001/0001-62;2016-12-01;2;2016-12-30;79;79;;;;;;;;;;;;;;;69517625.57;62774833.32;51699979;1.21421390364588;0.000287;5.6E-05;-0.007748;-0.102836;0.095088;0
14.080.689/0001-16;2016-10-01;1;;360;;;;;;;;;;;;;;;;113060659.56;109955777.89;954304;115.220912717541;0.000787681026518178;1.66667003332316E-05;0.00535893530471806;-0.0042339441122452;0.00959287941696326;0
14.080.689/0001-16;2016-11-01;1;;352;;;;;;;;;;;;;;;;113362561.2;109851064.03;954304;115.111184727299;0.00078996804;1.6E-05;0.007293;-0.000952;0.008245;0
14.080.689/0001-16;2016-12-01;1;2016-12-30;360;355;3;;;;1;;;;;;;1;;;113184031.85;109583012.36;954304;114.830297641003;0.000873;1.7E-05;0.002425;-0.00244;0.004865;0
14.088.246/0001-71;2016-10-01;1;2016-10-31;1;;;;;;;;;;;;;;;;72566689.82;72532573.95;230.69976;314402.468169018;0.000317;;0.044075;0.044075;;
14.088.246/0001-71;2016-11-01;1;2016-11-30;1;;;;;;;;;;;;;;;;72563615.98;72529500.11;230.69976;314389.144184632;0.000317;;0.00559;0.00559;;
14.088.246/0001-71;2016-12-01;1;2016-12-30;1;;;;;;;;1;;;;;;;;96854775.46;96820659.59;230.69976;419682.532786337;0.000238;;0.342355;0.342355;;
14.217.108/0001-45;2016-10-01;1;2016-10-31;426;;;;;;;;;;;;;;;;250613234.9;247007668.14;685000;360.595135970803;0.00025;1.2E-05;0.0071336;0.0001176;0.007016;
14.217.108/0001-45;2016-11-01;1;2016-11-30;527;;;;;;;;;;;;;;;;258938656.5;247398027.29;685000;361.165003343066;0.000594;1.4E-05;0.00864;0.00158;0.00706;
14.217.108/0001-45;2016-12-01;1;2016-12-30;632;615;3;;;;2;;;;;;7;5;;;242540778.51;238971395.59;685000;348.863351226277;0.000239;1.4E-05;-0.027;-0.03406;0.00706;
14.365.190/0001-55;2016-10-01;1;;1;;;;;;;;;;;;;;;;76146958.89;76041187.84;51452.82613825;1477.88165485182;0.000335567877420469;0.000140484522972965;-0.00247950258797802;-0.00247950258797802;0;0
14.365.190/0001-55;2016-11-01;1;;1;;;;;;;;;;;;;;;;76061458.02;76005203.07;51452.82613825;1477.18228082904;0.000336;0.000201;-0.000473;-0.000473;0;0
14.365.190/0001-55;2016-12-01;1;2016-12-30;1;;;1;;;;;;;;;;;;;75971197.19;75867064.48;51452.82613825;1474.49751887585;0.000275;8.7E-05;-0.001817;-0.001817;0;0
14.410.722/0001-29;2016-10-01;1;2016-10-31;24859;;;;;;;;;;;;;;;;1506418143.71;1489032882.84;15919690;93.5340375874153;0.000308;7E-06;0.0100215368961983;-0.0001871909143909;0.0102087278105892;0
14.410.722/0001-29;2016-11-01;1;2016-11-30;24768;;;;;;;;;;;;;;;;1506742758.56;1489518630.85;15919690;93.5645499912373;0.0013;7E-06;0.010537;0.000326;0.010211;0
14.410.722/0001-29;2016-12-01;1;2016-12-30;24770;24338;378;1;0;0;0;1;10;0;1;0;10;31;0;0;1507786029.42;1483912189.14;15919690;93.2123797096552;0.00028;8E-06;0.010795;-0.003794;0.014589;0
14.422.044/0001-14;2016-10-01;1;2016-10-31;254;;;;;;;;;;;;;;;;152917736.84;141147939.48;135000.0625;1045.53980839824;0.000555;7.1E-05;0.010483;0.010483;0;0
14.422.044/0001-14;2016-11-01;1;2016-11-30;254;;;;;;;;;;;;;;;;151976567.43;151399074.51;150000;1009.3271634;0.000553;6.6E-05;0.01032;0.005162;0.005158;0
14.422.044/0001-14;2016-12-01;1;2016-12-30;254;254;0;0;0;0;0;0;0;0;0;0;0;0;0;0;153454324.59;150076077.24;150000;1000.5071816;0.000599;6.7E-05;0.011471;-0.008738;0.020209;0
14.609.653/0001-87;2016-10-01;1;2016-10-31;15;;;;;;;;;;;;;;;;87104794.51;86353897.24;81900;1054.38213968254;0.000396;;-0.000223;-0.000223;;
14.609.653/0001-87;2016-11-01;1;2016-11-30;15;;;;;;;;;;;;;;;;87058689.62;86327711.32;81900;1054.06240927961;0.000396;;-0.000303;-0.000303;;
14.609.653/0001-87;2016-12-01;1;2016-12-30;16;11;2;;;;;;;1;;;1;;;1;87059727.93;86307158.66;81900;1053.81146105006;0.000435;;-0.000238;-0.000238;;
14.631.148/0001-39;2016-12-01;1;2016-12-30;33;0;0;0;1;0;0;0;0;32;0;0;0;0;0;0;88877627.7;88375918.32;928908.19633869;95.1395613348396;0;0;3.4E-05;3.4E-05;0;0
14.665.312/0001-29;2016-10-01;2;;2;;;;;;;;;;;;;;;;15872489.48;15792042.68;37220027.5758989;0.424288849539322;0.000628;0.000163;-0.000736;-0.009772;0.009036;0.038915
14.665.312/0001-29;2016-11-01;1;;2;;;;;;;;;;;;;;;;15879915.03;15790041.39;37220027.5758989;0.424235080369057;0.000581;0.000163;-0.000127;-0.000127;0;0
14.665.312/0001-29;2016-12-01;1;2016-12-30;2;;;;;;;;;;;;;2;;;15823014.91;15456433.96;37220027.5758989;0.415271964226284;0.000636;0.000179;-0.005612;-0.021128;0.015516;0
14.721.889/0001-00;2016-10-01;1;2016-10-31;56;;;;;;;;;;;;;;;;144872884.37;144826654.31;7849196;18.4511450994471;0.000167;5.8E-05;0.004201;0.000218;0.003983;0
14.721.889/0001-00;2016-11-01;1;2016-11-30;50;;;;;;;;;;;;;;;;144968838.68;144921424.37;7849196;18.4632189551643;0.000167;5.8E-05;0.005132;0.000654;0.004478;0
14.721.889/0001-00;2016-12-01;1;2016-12-30;53;53;0;0;0;0;0;0;0;0;0;0;0;0;0;0;132655315.43;132606598.5;7849196;16.8942906381749;0.000182;6.4E-05;-0.079963;-0.084976;0.005013;0
14.733.211/0001-48;2016-11-01;1;2016-11-30;101;;;;;;;;;;;;;;;;82399376.34;82010123.97;382017;214.676634730915;0.002845;0.000355;0.005547;0.000374;0.005173;0
14.733.211/0001-48;2016-12-01;1;2016-12-31;86;74;5;;;5;;;;;;;;2;;;80498040.24;80098608.21;382017;209.672889452564;0.00323;0.000406;-0.036435;-0.042677;0.006242;0
14.786.587/0001-10;2016-10-01;1;2016-10-31;6;;;;;;;;;;;;;;;;155060268.26;93129200.16;821457.1285738;113.370737097004;0.000336;7.7E-05;0.005897;0.005897;0;0
14.786.587/0001-10;2016-11-01;1;2016-11-30;6;;;;;;;;;;;;;;;;155073189.99;95662482.52;862627.7179;110.896601784235;0.00031;7.5E-05;0.007375;-0.021787;0.029162;0
14.786.587/0001-10;2016-12-01;1;2016-12-30;6;4;0;0;0;0;0;0;0;0;0;0;1;1;0;0;153336185.54;96032955.01;862627.7179;111.326071510645;0.000317;7.5E-05;0.006281;0.003877;0.002404;0
14.788.476/0001-43;2016-10-01;1;2016-10-31;1;;;;;;;;;;;;;;;;23110981.21;383114.46;11896;32.2053177538669;0.001;0.001;-0.012961;-0.012961;0;0
14.788.476/0001-43;2016-11-01;1;2016-11-30;1;;;;;;;;;;;;;;;;23110981.21;378084.26;11896;31.782469737727;0.001;0.001;-0.01313;-0.01313;0;0
14.788.476/0001-43;2016-12-01;1;2016-12-30;1;;1;;;;;;;;;;;;;;23110981.21;373051.47;11896;31.359404001345;0.001;0.001;-0.013311;-0.013311;0;0
14.793.782/0001-78;2016-10-01;1;2016-10-31;1549;;;;;;;;;;;;;;;;71341131.16;71139213.99;742000;95.8749514690027;0.0003239;5.62E-05;-0.000246692516963213;-0.000262815007963213;1.6122491E-05;0
14.793.782/0001-78;2016-11-01;1;2016-11-30;1535;;;;;;;;;;;;;;;;71385887.64;71148743.52;742000;95.8877945013477;0.0002986;0;4.2E-05;2.2E-05;2E-05;0
14.793.782/0001-78;2016-12-01;1;2016-12-30;1524;1518;5;;;;;;;;;;;1;;;64557611.9;64280299.23;742000;86.6311310377358;0.0004630967863651;0;-0.096509;-0.096536;2.7E-05;0
15.006.286/0001-90;2016-10-01;1;2016-10-31;5965;;;;;;;;;;;;;;;;241507056.51;239513254.64;2676000;89.5042057698057;0.000165;1.2E-05;0.007155;-0.000106;0.007261;0
15.006.286/0001-90;2016-11-01;1;2016-11-30;5963;0;0;0;0;0;0;0;0;0;0;0;0;0;0;0;253104483.65;251322650.37;2676000;93.917283396861;0.000157;1.1E-05;0.056568;0.049306;0.007262;0
15.006.286/0001-90;2016-12-01;1;2016-12-30;5977;5955;13;0;0;0;0;0;0;0;0;0;3;4;0;2;253325814.48;251327228.38;2676000;93.9189941629297;0.000174;1.7E-05;0.006939;1.8E-05;0.006921;0
15.098.422/0001-19;2016-10-01;1;2016-10-31;56;;;;;;;;;;;;;;;;137634105.4;137594138.64;1350000;101.921584177778;0.000116;5.5E-05;0.008714;-0.000116;0.00883;0
15.098.422/0001-19;2016-11-01;1;2016-11-30;56;;;;;;;;;;;;;;;;137747839.95;137592969.13;1350000;101.920717874074;0.0001;7.1E-05;0.008822;-8E-06;0.00883;0
15.098.422/0001-19;2016-12-01;1;2016-12-30;56;56;0;0;0;0;0;0;0;0;0;0;0;0;0;0;122959300.24;122689375.21;1350000;90.8810186740741;0.00013;6.2E-05;-0.099487;-0.108317;0.00883;0
15.296.696/0001-12;2016-10-01;1;;1418;;;;;;;;;;;;;;;;157415805.88;156159077.38;1784828;87.4925076141791;7.2E-05;4.2E-05;0.005628;0.000135;0.005493;0
15.296.696/0001-12;2016-11-01;1;;1417;;;;;;;;;;;;;;;;157500013.07;156349536.6;1784828;87.5992177397486;7.2E-05;4.2E-05;0.005769;0.00122;0.004549;0
15.296.696/0001-12;2016-12-01;1;2016-12-30;1429;1402;7;;;;2;;;;;;5;13;;;147344826.27;145864555.19;1784828;81.7247125157158;0.000375;4.7E-05;-0.060349;-0.067061;0.006712;0
15.394.563/0001-89;2016-10-01;1;2016-10-31;1152;;;;;;;;;;;;;;;;113194781.22;111424799.2;107481;1036.6929894586;0.000434;5.9E-05;0.0101;0;0.0101;0
15.394.563/0001-89;2016-11-01;1;2016-11-30;1158;;;;;;;;;;;;;;;;113393660.78;111633852.13;107481;1038.63801164857;0.000434;5.8E-05;0.011878;0.001876;0.010002;0
15.394.563/0001-89;2016-12-01;1;2016-12-30;1167;1161;4;0;0;0;0;0;0;0;0;0;2;0;0;0;112551042.55;110721238.8;107481;1030.147084601;0.000482;5.9E-05;0.011268;0.000953;0.010315;0
15.447.110/0001-73;2016-12-01;1;2016-12-31;1;;;;;;;;;;;;;1;;;423550180.69;141998345.26;142000000;0.999988346901408;1.2E-05;;-1.2E-05;-1.2E-05;;
15.461.076/0001-91;2016-11-01;1;;11;;;;;;;;;;;;;;;;190711229.37;182938638.6;1841677;99.3326400883543;0.0011;;-0.011121;-0.011121;;
15.461.076/0001-91;2016-12-01;1;2016-12-31;11;;;;;;;;;11;;;;;;;194649171.06;187055579.68;1841677;101.568070666029;0.0011;;0.022504;0.022504;;
15.570.431/0001-60;2016-10-01;2;;498;;;;;;;;;;;;;;;;68667572.19;66272051.68;700000;94.6743595428571;0.00041;0;0.007671;0.000112;0.007559;0
15.570.431/0001-60;2016-11-01;1;;502;;;;;;;;;;;;;;;;68813027;66291505.84;700000;94.7021512;0.00041;0;0.008663;0.000294;0.008369;0
15.570.431/0001-60;2016-12-01;1;2016-12-30;497;452;4;1;;;;;3;37;;;;;;;63372268.08;62548579.48;700000;89.3551135428571;0.000435;0;-0.048917;-0.056462;0.007545;0
15.576.907/0001-70;2016-11-01;2;2016-11-30;4331;;;;;;;;;;;;;;;;442254260.6;438206539.94;405000;1081.99145664198;0.00035;2.4E-05;0.016353;0.008218;0.008135;0
15.576.907/0001-70;2016-12-01;1;2016-12-31;4231;4186;20;0;0;0;0;1;17;0;0;0;1;3;0;3;442253463.83;438120448.32;405000;1081.77888474074;0.000316;2.5E-05;0.007808;-0.000196;0.008004;0
16.543.264/0001-21;2016-10-01;1;2016-10-31;1;;;;;;;;;;;;;;;;2820685.74;2762325.98;5479.07606483;504.159085823114;0.0114;0;-0.018319;-0.018319;0;0
16.671.412/0001-93;2016-10-01;2;2016-10-31;2782;0;0;0;0;0;0;0;0;0;0;0;0;0;0;0;137625790.19;136214521.5;1438853;94.6688240563838;0.0006846;1.2E-05;0.007119;0.000147;0.006972;0
16.671.412/0001-93;2016-11-01;1;2016-11-30;2798;0;0;0;0;0;0;0;0;0;0;0;0;0;0;0;140589910.66;139178581.01;1438853;96.7288395756898;0.000682;1.2E-05;0.028732;0.02176;0.006972;0
16.671.412/0001-93;2016-12-01;1;2016-12-30;2798;2774;10;0;0;0;4;0;0;0;0;0;3;5;0;2;140647139.62;139131965.92;1438853;96.6964421799864;0.000779;1.3E-05;0.006902;-0.000335;0.007237;0
16.802.320/0001-03;2016-10-01;1;2016-10-31;5070;0;0;0;0;0;0;0;0;0;0;0;0;0;0;0;216049963.29;200775745.31;2414570;83.1517600690806;0.000393;1.2E-05;0.010003;0.000975;0.009028;0
16.802.320/0001-03;2016-11-01;1;2016-11-30;5026;0;0;0;0;0;0;0;0;0;0;0;0;0;0;0;204539726.63;187796128.9;2414570;77.7762205692939;0.000419;1.3E-05;-0.055267;-0.064647;0.00938;0
16.802.320/0001-03;2016-12-01;1;2016-12-30;4985;4964;13;0;0;0;0;0;1;0;0;0;1;4;0;2;204564725.72;187855549.28;2414570;77.8008296632527;0.000432;1.3E-05;0.01073;0.000316;0.010414;0
16.841.067/0001-99;2016-10-01;1;2016-10-31;7;;1;1;;;;;2;3;;;;;;;31827062.42;31747279.63;26291;1207.53412308395;0.00107521307015369;0;0.00756;0.00756;0;0
16.841.067/0001-99;2016-11-01;1;2016-11-30;7;0;1;1;0;0;0;0;2;3;0;0;0;0;0;0;32065736.17;31981395.51;26291;1216.43891483778;0.001075;0.00025;0.007374;0.007374;0;0
16.841.067/0001-99;2016-12-01;1;2016-12-30;7;0;1;1;0;0;0;0;2;3;0;0;0;0;0;0;32355463.71;31631601.59;26291;1203.1342128485;0.001204;0.000253;-0.01004;-0.010937;0.000897;0
16.915.968/0001-88;2016-10-01;1;2016-10-31;695;;;;;;;;;;;;;;;;38631756.94;38495382.36;375505;102.516297679125;0.00146203050858591;0.000114282708218306;0.00672273678833162;-0.00463715963392708;0.0113598964222587;0
16.915.968/0001-88;2016-11-01;1;2016-11-30;808;;;;;;;;;;;;;;;;40857829.02;40698286.27;398592;102.105125717526;0.001495;0.000117;0.007402;-0.004011;0.011413;0
16.915.968/0001-88;2016-12-01;1;2016-12-30;985;979;2;1;0;0;0;0;0;1;0;0;0;2;0;0;40945257.54;40772647.57;401617;101.521219395593;0.001652;0.000129;0.00574;-0.005719;0.011459;0
17.007.443/0001-07;2016-10-01;1;2016-10-31;63;;;;;;;;;;;;;;;;73539879.16;72032696.85;18113;3976.85070667476;0.000240504670206583;4.15847265338088E-05;0.0091609085964715;0.001859;0.0073019085964715;
17.007.443/0001-07;2016-11-01;1;2016-11-30;63;;;;;;;;;;;;;;;;73552339.33;72088953.95;18113;3979.95660299233;0.0002403;0;0.0080673;0.000779;0.0072883;
17.007.443/0001-07;2016-12-01;1;2016-12-30;63;62;;;;;1;;;;;;;;;;73570355.43;72165780.03;18113;3984.19809142605;0.00024;0;0.0083476;0.001065;0.0072826;
17.007.528/0001-95;2016-10-01;1;2016-10-31;8;;;;;;;;;;;;;;;;55653111.38;14211736.73;10201.20608;1393.14279297453;0.000379967635384138;0.000168874504615172;-0.00732;-0.00732;;
17.007.528/0001-95;2016-11-01;1;2016-11-30;8;;;;;;;;;;;;;;;;55638832.57;14131227.94;10201.20608;1385.25070753203;0.0003821323;0.00016983662;-0.005664;-0.005664;;
17.007.528/0001-95;2016-12-01;1;2016-12-30;8;7;1;;;;;;;;;;;;;;55625281.31;14128970.47;10201.20608;1385.02941311034;0.00038218;0.0001698623;-0.000159;-0.000159;;
17.035.124/0001-05;2016-10-01;1;2016-10-31;1;;;;;;;;;;;;;;;;131498488.3;13954920.45;1000;13954.92045;0.000652300386277014;0.000652300386277014;0.019713;0.019713;;
17.035.124/0001-05;2016-11-01;1;2016-11-30;1;;;;;;;;;;;;;;;;131614658.52;14217110;1000;14217.11;0.00064027;0.00064027;0.018788;0.018788;;
17.035.124/0001-05;2016-12-01;1;2016-12-30;1;;;;;;;;;;;;;1;;;131692034.49;14406627.53;1000;14406.62753;0.00063184253;0.00063184253;0.01333;0.01333;;
17.156.502/0001-09;2016-10-01;1;;338;;;;;;;;;;;;;;;;109940509.62;109796773.76;1000000;109.79677376;7.90961309936399E-05;7.90650736147823E-05;0.00738309182645058;0.00738309182645058;0;0
17.156.502/0001-09;2016-11-01;1;;439;;;;;;;;;;;;;;;;110815117.36;110664283.22;1000000;110.66428322;7.9E-05;7.9E-05;0.007901;0.007901;0;0
17.156.502/0001-09;2016-12-01;2;2016-12-30;385;371;;;1;;;;;;;;2;11;;;111645418.02;104888046.08;1000000;104.88804608;9.2E-05;9.2E-05;0.007444;-0.052196;0.05964;0
17.161.979/0001-82;2016-11-01;1;;50;;;;;;;;;;;;;;;;66470758.83;66416483.45;636000;104.428433097484;0.001216;0.000412;0.042305;0.008317;0.033988;0
17.161.979/0001-82;2016-12-01;1;2016-12-31;50;44;6;;;;;;;;;;;;;;85570598.9;84860341.48;636000;133.428209874214;0.00108339771436894;0.000354516249585094;0.286127;0.2777;0.008427;0
17.198.404/0001-34;2016-10-01;1;2016-10-31;1;;;;;;;;;;;;;;;;5381043.91;5365572.77;11.6213785;461698.478368982;0.00124680444880072;;-0.00188;-0.00188;;
17.198.404/0001-34;2016-11-01;1;2016-11-30;1;;;;;;;;;;;;;;;;5372363.78;5357839.47;11.6213785;461033.040959814;0.001005991;;-0.001441;-0.001441;;
17.198.404/0001-34;2016-12-01;1;2016-12-30;1;;;;;;;;;;;;;1;;;5364333.35;5348708.57;11.6213785;460247.34243016;0.001007701;;-0.001704;-0.001704;;
17.198.500/0001-82;2016-12-01;2;2016-12-30;1;;;;;;;;;;;;;1;;;134977305.25;133086127.94;47500;2801.81321978947;0.000188;2.4E-05;0.238236;0.221142;0.017094;0
17.209.378/0001-00;2016-10-01;1;;139;;;;;;;;;;;;;;;;131298503.11;131016353.28;124104;1055.6980700058;0.001109;8E-06;0.001351;0.001351;0;0
17.209.378/0001-00;2016-11-01;2;;139;;;;;;;;;;;;;;;;137885666.99;136466996.15;124104;1099.61803124799;0.001066;8E-06;0.041603;0.041603;0;0
17.209.378/0001-00;2016-12-01;3;2016-12-30;139;137;;;;;;;2;;;;;;;;138018554.36;136912975.48;124104;1103.21162476633;0.001218;9E-06;0.003268;0.003268;0;0
17.211.882/0001-37;2016-10-01;1;2016-10-31;15;;;;;;;;;;;;;;;;24116017.26;20884036.88;19468.75;1072.69531325843;0.000766;;0.000474;0.000474;;
17.211.882/0001-37;2016-11-01;1;2016-11-30;15;;;;;;;;;;;;;;;;24112889.96;20888909.58;19468.75;1072.94559640449;0.000766;;0.000233;0.000233;;
17.211.882/0001-37;2016-12-01;1;2016-12-30;15;13;;;;;;;;;;;;;;2;24133790.3;20901809.92;19468.75;1073.60821418941;0.000765;;0.000618;0.000618;;
17.216.625/0001-98;2016-10-01;1;2016-10-31;70;;;;;;;;;;;;;;;;53063638.96;52939818.02;55000;962.542145818182;0.00189283612501545;8.21043623224755E-05;0.001727;0.001727;;
17.216.625/0001-98;2016-11-01;1;2016-11-30;68;;;;;;;;;;;;;;;;53156693.82;53028691.48;55000;964.158026909091;0.0018896;8.1E-05;0.001683;0.001683;;
17.216.625/0001-98;2016-12-01;1;2016-12-30;68;62;1;;;;;;;;;;1;4;;;53477068.67;53335792.74;55000;969.741686181818;0.0020666616;5.6247E-05;0.005787;0.005787;;
17.308.805/0001-08;2016-12-01;1;2016-12-31;1;;;;;;;;;;;;;1;;;196273734.19;196812783.32;156630;1256.54589363468;0.000885;;0.230154;0.230154;;
17.311.079/0001-74;2016-12-01;1;2016-12-30;13;;;;;;;;1;7;;;;3;;2;102790606.82;98999109.57;1429740;69.2427361408368;0.0005;;-0.129238;-0.138717;0.009479;
17.331.883/0001-15;2016-11-01;1;2016-11-30;1;;;;;;;;;;;;;;;;113058132.41;48043867.23;30;1601462.241;8.6E-05;4.3E-05;0.009775;0.009775;;
17.331.883/0001-15;2016-12-01;1;2016-12-30;1;;;;;1;;;;;;;;;;;113037683.9;48421739.66;30;1614057.98866667;1.720991E-06;8.6049E-05;0.007865;0.007865;;
17.489.157/0001-25;2016-10-01;1;2016-10-31;19;;;;;;;;;;;;;;;;10866389.53;10820979.04;600000;18.0349650666667;0.000554478479056365;0.000554464617094388;-0.005705;-0.005705;;
17.489.157/0001-25;2016-11-01;1;2016-11-30;19;;;;;;;;;;;;;;;;5432923.08;5424660.14;600000;9.04110023333334;0;0;-0.49869;-0.49869;;
17.568.605/0001-86;2016-12-01;1;2016-12-31;1;;;;;;;;;;;;;1;;;240586082.61;240141741.93;215770927;1.1129476304748;0.000184;;0.097997;0.097997;;
17.590.518/0001-25;2016-10-01;1;2016-10-31;1841;;;;;;;;;;;;;;;;234084641.69;231789831.89;2591500;89.4423430021223;0.000119073773749912;0;0.00922198908349632;-9.5E-05;0.00931698908349632;0
17.590.518/0001-25;2016-11-01;1;2016-11-30;1950;;;;;;;;;;;;;;;;233741149.53;231479820.19;2591500;89.3227166467297;0.00011922296283688;4.59003294165294E-05;0.007992;-0.001337;0.009329;0
17.590.518/0001-25;2016-12-01;2;2016-12-30;2053;2045;4;0;0;0;0;0;0;0;1;0;1;2;0;0;233795548.4;231529171.55;2591500;89.3417601967972;6.9E-05;4.6E-05;0.00948202633900978;0.000154;0.00932802633900978;0
17.655.122/0001-19;2016-10-01;1;2016-10-31;1;;;;;;;;;;;;;;;;39195020.3;39185020.3;34.79484834;1126173.04484564;0.000255;0;0.003102;0.003102;0;0
17.655.122/0001-19;2016-11-01;1;2016-11-30;1;;;;;;;;;;;;;;;;39279646.07;39269646.07;34.79484834;1128605.17988968;0.000255;0;0.003819;0.003819;0;0
17.655.122/0001-19;2016-12-01;1;2016-12-30;1;;;;;;;;;;;;;1;;;39253485.1;39243485.1;34.79484834;1127853.3165752;0.000255;;-0.000666;-0.000666;;
17.854.016/0001-64;2016-10-01;1;;152;;;;;;;;;;;;;;;;143550780.06;142864521.92;9412630;15.1779600302997;0.000213;5.8E-05;6E-06;6E-06;0;0
17.854.016/0001-64;2016-11-01;1;;153;;;;;;;;;;;;;;;;143614290.63;142866630.48;9412630;15.1781840442044;0.000213;5.8E-05;1.5E-05;1.5E-05;0;0
17.854.016/0001-64;2016-12-01;2;2016-12-30;154;149;5;;;;;;;;;;;;;;160053844.08;156032404.72;9412630;16.576918961013;0.00014;3.4E-05;0.092154;0.092154;0;0
18.259.637/0001-62;2016-10-01;1;2016-10-31;2;;;;;;;;;;;;;;;;9258248.11;9196113.94;72.8;126320.246428571;0.0013788900488547;;0.004416;0.004416;;
18.259.637/0001-62;2016-11-01;1;2016-11-30;2;;;;;;;;;;;;;;;;9301818.99;9234331.28;72.8;126845.20989011;0.00137318;;0.004155;0.004155;;
18.259.637/0001-62;2016-12-01;1;2016-12-30;2;1;;;;;1;;;;;;;;;;9351278.2;9281484.71;72.8;127492.921840659;0.0013661;;0.005106;0.005106;;
18.330.535/0001-96;2016-12-01;1;2016-12-30;1;;;;;;;;1;;;;;;;;253848545.11;252434940.4;474468.0348389;532.037823129036;0.000717;7.4E-05;-0.131585;-0.135615;0.00403;0
18.369.510/0001-04;2016-10-01;1;2016-10-31;4;;;;;;;;;;;;;;;;105037916.52;104938513.16;717519.6861243;146.251754745334;0.000947;;-0.00109;-0.00109;;
18.369.510/0001-04;2016-11-01;1;2016-11-30;4;;;;;;;;;;;;;;;;104957785.27;104843476.97;717519.6861243;146.119303759197;0.000947;;-0.000906;-0.000906;;
18.369.510/0001-04;2016-12-01;1;2016-12-30;4;;;;;;;;;3;;;;1;;;104949249.67;104725814.91;717519.6861243;145.955319324657;0.001042;;-0.001122;-0.001122;;
18.497.672/0001-10;2016-10-01;1;;2;;;;;;;;;;;;;;;;28690593.35;21809892.4;44646933.4989253;0.488496984916668;0.000456;0.000119;-0.00219;-0.00219;0;0
18.497.672/0001-10;2016-11-01;1;;2;;;;;;;;;;;;;;;;28562146.19;21694818.4;44646933.4989253;0.485919562662063;0.000459;8.5E-05;-0.005276;-0.005276;0;0
18.497.672/0001-10;2016-12-01;1;2016-12-30;2;;;;;;;;;;;;;2;;;28483241.74;21135040.65;44646933.4989253;0.473381685900304;0.000436;0.000123;-0.003677;-0.025802;0.022125;0
18.929.094/0001-43;2016-10-01;1;2016-10-31;1;;;;;;;;;;;;;;;;22568091.15;22390670.21;9647.36522814;2320.91039164658;0.0049;0;-0.002618;-0.002618;0;0
18.950.957/0001-64;2016-10-01;1;2016-10-31;1;;;;;;;;;;;;;;;;557191940.96;149870549.01;97843.10892;1531.74352965971;0.000370987564716869;;0.022587;0.022587;;
18.950.957/0001-64;2016-11-01;2;2016-11-30;1;;;;;;;;;;;;;;;;538365394.9;138359252.3;100423.10892;1377.76308449304;0.000386164;;-0.100526;-0.100526;;
18.950.957/0001-64;2016-12-01;1;2016-12-30;1;;;;;;;;;;;;;1;;;473735463.29;140816698.15;102573.10892;1372.84225497959;0.00040663;;-0.003571;-0.003571;;
18.979.895/0001-13;2016-12-01;1;2016-12-30;681;676;1;;;;;;;;;;;4;;;101058351.4;100072542.88;1000000;100.07254288;0.000922;3E-05;0.004653;-0.003808;0.008461;0
19.107.604/0001-60;2016-12-01;1;2016-12-30;7;;;;;;;;;6;;;;;;1;28708051.02;28657610.59;290000;98.819346862069;0.0016;;0.003484;0.003484;;
19.131.224/0001-60;2016-10-01;2;;2;;;;;;;;;;;;;;;;928493207.27;920017997.45;932.32504805;986799.613905321;2.2E-05;2.5E-05;0.001432;0.000248;0.001184;0
19.131.224/0001-60;2016-11-01;1;;2;;;;;;;;;;;;;;;;927386356.8;920011872.79;932.32504805;986793.044672828;2.2E-05;2.5E-05;0.001176;-7E-06;0.001183;0
19.131.224/0001-60;2016-12-01;1;2016-12-30;2;;;;;;2;;;;;;;;;;883769522.22;876858166.49;932.32504805;940506.927625712;2.3E-05;2.5E-05;-0.04512;-0.046906;0.001786;0
19.239.245/0001-02;2016-10-01;1;2016-10-31;1;;;;;;;;;;;;;;;;809829548.68;514353955.95;436312;1178.86731501769;5.9E-05;;0.005092;0.005092;;
19.239.245/0001-02;2016-11-01;1;2016-11-30;1;;;;;;;;;;;;;;;;828499065.72;531489532.24;436312;1218.14099140065;5.8E-05;;0.033315;0.033315;;
19.239.245/0001-02;2016-12-01;1;2016-12-30;1;;;;;;1;;;;;;;;;;836253763.22;539259732.51;436312;1235.94980772933;6.4E-05;;0.01719;0.01719;;
19.249.956/0001-50;2016-10-01;1;;51;;;;;;;;;;;;;;;;15081323.83;15029559.96;14350;1047.35609477352;0.000608;0.000143;0.008569;0.008569;0;0
19.249.956/0001-50;2016-11-01;1;;51;;;;;;;;;;;;;;;;15225927.81;15174163.94;14350;1057.4330271777;0.000602;0.000142;0.009621;0.009621;0;0
19.249.956/0001-50;2016-12-01;1;2016-12-30;51;32;18;;;;;;;;;;;1;;;15392336.19;14625865.9;14350;1019.22410452962;0.000625;0.000147;0.008611;-0.036134;0.044745;0
19.390.726/0001-06;2016-10-01;1;2016-10-31;1;;;;;;;;;;;;;;;;10057.77;10057.77;1000;10.05777;0;;-0.042624;-0.042624;;
19.390.726/0001-06;2016-11-01;1;2016-11-30;1;;;;;;;;;;;;;;;;9176.78;9176.78;1000;9.17678;0;;-0.087593;-0.087593;;
19.390.726/0001-06;2016-12-01;1;2016-12-30;1;;;;;;;;;;;;;;;1;9216.39;9216.39;1000;9.21639;0;;0.004316;0.004316;;
19.442.626/0001-86;2016-12-01;1;2016-12-31;2;;;1;;;;;;;;;;1;;;274571042.18;269155110.38;187470;1435.72363780872;0.000656;0;0.012976;-0.000941;0.013917;0
19.628.741/0001-40;2016-12-01;1;2016-12-31;1;;;;;;;;;;;;;1;;;301740894.3;303307357.42;301414000;1.0062815841998;0.00044;;0.01189;0.01189;;
19.805.989/0001-39;2016-10-01;1;2016-10-31;190;;;;;;;;;;;;;;;;437677790.88;437614844.22;437404.42966;1000.48105264998;7.9E-05;2.4E-05;0.00975;0.000481;0.009269;0
19.805.989/0001-39;2016-11-01;1;2016-11-30;177;;;;;;;;;;;;;;;;297925715.38;297863193.87;437404.42966;680.978914871833;0.000117;3.5E-05;0.009067;0.000498;0.008569;0
19.805.989/0001-39;2016-12-01;1;2016-12-30;169;169;0;0;0;0;0;0;0;0;0;0;0;0;0;0;297630780.76;297575561.68;437404.42966;680.321326218185;8.7E-05;2.6E-05;0.010271;-0.000966;0.011237;0
20.132.453/0001-89;2016-12-01;1;2016-12-30;18;;;;;;;;;;;;;;;18;32768028.44;32671334.14;8272238.67570993;3.94951541182365;0.0007;;-0.004633;-0.004633;;
20.216.935/0001-17;2016-12-01;1;2016-12-30;362;360;;;;;;;;;1;;;1;;;91903294.93;89770671.26;820115;109.461077117234;0.0004;0;0.022332;0.013536;0.008796;0
20.265.434/0001-20;2016-10-01;1;2016-10-31;798;;;;;;;;;;;;;;;;1246423889.2;1244223863.91;1184427.8374;1050.48515799938;0.000555;2.4E-05;0.010483;0.010483;0;0
20.265.434/0001-20;2016-11-01;1;2016-11-30;798;;;;;;;;;;;;;;;;1258209583.45;1257125059.72;1184427.8374;1061.37750230489;0.000552;2.4E-05;0.010369;0.010369;0;0
20.265.434/0001-20;2016-12-01;1;2016-12-30;802;802;0;0;0;0;0;0;0;0;0;0;0;0;0;0;1273557334.04;1185028557.44;1184427.8374;1000.507181629;0.000651;2.8E-05;0.011367;-0.05735;0.068717;0
20.265.467/0001-70;2016-10-01;1;2016-10-31;12;;;;;;;;;;;;;;;;3549281.81;3503080.26;43784.9692147;80.0064570748609;0.005709;0.001998;0.102061;0.102061;0;0
20.265.467/0001-70;2016-11-01;1;2016-11-30;15;;;;;;;;;;;;;;;;9514353.28;9467097.88;132550.5857916;71.4225276596246;0.002113;0.000739;-0.10729;-0.10729;0;0
20.265.467/0001-70;2016-12-01;1;2016-12-30;50;50;0;0;0;0;0;0;0;0;0;0;0;0;0;0;12399647.48;12351232.9;132550.5857916;93.1812773684681;0.001619;0.00567;0.304648;0.304648;0;0
20.748.515/0001-81;2016-10-01;1;;1;;;;;;;;;;;;;;;;151341330.64;129110383.72;126500;1020.63544442688;0.000112;2.7E-05;0.016799;0.016799;0;0
20.748.515/0001-81;2016-11-01;1;;1;;;;;;;;;;;;;;;;152649994.61;130331808.79;126500;1030.29097857708;0.000111;2.7E-05;0.00946;0.00946;0;0
20.748.515/0001-81;2016-12-01;1;2016-12-30;2;;1;;;;;;;;;;;1;;;334427755.38;255960234.98;228800;1118.70732071678;0.00066;1.5E-05;0.103147;0.085816;0.017331;0
21.408.063/0001-51;2016-10-01;1;2016-10-31;6;;;;;;;;;;;;;;;;16028557.05;16000450.57;203954.1102;78.4512288294154;0.001284;;0.014275;0.014275;;
21.408.063/0001-51;2016-11-01;1;2016-11-30;6;;;;;;;;;;;;;;;;15850321.67;15206712.41;203634.1102;74.6766462409695;0.001351;0;-0.049631;-0.049631;0;0
21.408.063/0001-51;2016-12-01;1;2016-12-30;6;5;;;;;;;;;;;;;;1;16033448.79;15876296.74;203634.1102;77.9648199626626;0.001619;;0.003417;0.003417;;
21.500.481/0001-74;2016-12-01;1;2016-12-30;1;0;0;0;0;0;0;0;0;0;1;0;0;0;0;0;64857981.98;64835182.2;650000;99.7464341538462;0;0;0;0;0;0
21.500.500/0001-62;2016-10-01;1;2016-10-31;1;;;;;;;;;;;;;;;;100056697.03;100004043.7;993000;100.709006747231;0.000175;7.5E-05;0.005335;0.000172;0.005163;0
21.500.500/0001-62;2016-11-01;1;2016-11-30;1;;;;;;;;;;;;;;;;100060639.93;100004016.14;993000;100.708978992951;0.00027;7.5E-05;0.004965;0;0.004965;0
21.500.500/0001-62;2016-12-01;2;2016-12-30;1;0;0;0;0;0;0;0;0;0;1;0;0;0;0;0;107397210.52;107338384.53;993000;108.095049879154;0.000176;7.5E-05;0.079199;0.073341;0.005858;0
21.500.514/0001-86;2016-10-01;1;2016-10-31;1;;;;;;;;;;;;;;;;103793432.18;103755202.88;1030000;100.733206679612;0.000178;7.2E-05;0.008988;5.4E-05;0.008934;0
21.500.514/0001-86;2016-11-01;1;2016-11-30;1;;;;;;;;;;;;;;;;104007455.23;103966986.93;1030000;100.938822262136;0.000168;7.2E-05;0.002065;0.002041;2.4E-05;0
21.500.514/0001-86;2016-12-01;1;2016-12-30;1;0;0;0;0;0;0;0;0;0;1;0;0;0;0;0;124128443.07;124081701.61;1230974;100.799612022675;0.000158;6.8E-05;-0.106153;-0.106153;0;0
22.211.522/0001-75;2016-10-01;1;2016-10-31;1;;;;;;;;;;;;;;;;196367492.43;195060638.89;180;1083670.21605556;0.00663496278575118;;0.00364;0.00364;;
22.211.522/0001-75;2016-11-01;1;2016-11-30;1;;;;;;;;;;;;;;;;197137510.67;195764072.29;180;1087578.17938889;0.006949;;0.003606;0.003606;;
22.211.522/0001-75;2016-12-01;1;2016-12-30;1;;1;;;;;;;;;;;;;;197993703.41;196541539.32;180;1091897.44066667;0.00732132;;0.003971;0.003971;;
22.340.978/0001-35;2016-10-01;1;2016-10-31;4;0;0;0;0;0;0;0;0;0;0;0;0;4;0;0;85847434.03;85831434.03;71.10036194;1207187.01970085;0.0116507432422774;0;0.010857;0.010857;0;0
22.340.978/0001-35;2016-11-01;1;2016-11-30;4;0;0;0;0;0;0;0;0;0;0;0;0;0;0;0;86901759.16;86879925.83;71.10036194;1221933.66474444;0.000115101387397213;5.75506936986067E-05;0.012216;0.012216;0;0
22.340.978/0001-35;2016-12-01;1;2016-12-30;4;0;0;0;0;0;0;0;0;0;0;0;0;4;0;0;77045406.43;76977986.24;71.10036194;1082666.58761822;0.00013;6.5E-05;-0.113973;-0.113973;0;0
22.646.161/0001-90;2016-10-01;1;;2;;;;;;;;;;;;;;;;48004031.9;47887241.89;48038.46844;996.851969787736;0.000313;0;4E-06;4E-06;0;0
22.646.161/0001-90;2016-11-01;1;;3;;;;;;;;;;;;;;;;56086376.41;55966671;56138.4684;996.939756197552;0.000268;0;8.8E-05;8.8E-05;0;0
22.646.161/0001-90;2016-12-01;1;2016-12-30;3;;;;;;1;;;;;;;2;;;70969202.54;70836669.55;71042.21844;997.106665662847;0.000212;0;0.000167;0.000167;0;0
23.120.098/0001-16;2016-10-01;1;2016-10-31;32;;;;;;;;;;;;;;;;219400742.62;219354001.02;2190609.0286;100.133797567788;0.000114;0;0.000138;0.000138;0;0
23.120.098/0001-16;2016-11-01;1;2016-11-30;32;;;;;;;;;;;;;;;;219494175.09;219441849.49;2190609.0286;100.173899872148;0.000114;0;0.0004;0.0004;0;0
23.120.098/0001-16;2016-12-01;1;2016-12-30;32;31;0;0;0;0;1;0;0;0;0;0;0;0;0;0;219580363.54;219513951.48;2190609.0286;100.20681400199;0.000116665568759229;0;0.000328568619171188;0.000328568619171188;0;0
23.177.717/0001-09;2016-10-01;1;2016-10-31;3;;;;;;;;;;;;;;;;215823941.24;214976056.03;1985373.65;108.27989785701;0.000549;8.8E-05;0.015909;0.015909;0;0
23.177.717/0001-09;2016-11-01;1;2016-11-30;3;;;;;;;;;;;;;;;;201666137.35;200778754.61;1985373.65;101.128951021386;0.000551;3.7E-05;-0.066042;-0.066042;0;0
23.177.717/0001-09;2016-12-01;1;2016-12-30;2;0;0;0;0;0;0;0;0;0;0;0;2;0;0;0;202689362.07;201773009.28;1985373.65;101.629740719083;0.000585;6.4E-05;0.004955;0.004955;0;0
23.179.381/0001-13;2016-10-01;2;;1;;;;;;;;;;;;;;;;46186257.32;46148439.8;88300;522.632387315968;0.000217;0.000325;0.03371;0.03371;0;0
23.179.381/0001-13;2016-11-01;1;;1;;;;;;;;;;;;;;;;47153784.82;47110473.41;88300;533.527445186863;0.000212;0.000318;0.020847;0.020847;0;0
23.179.381/0001-13;2016-12-01;1;2016-12-31;1;;;;;;1;;;;;;;;;;56391115.45;55000905.99;88300;622.886817553794;0.000182;0.000273;0.195435;0.167488;0.027947;0
23.740.552/0001-31;2016-10-01;1;2016-10-31;1;;;;;;;;;;;;;;;;10037145.5;9987141.74;10350;964.941230917874;0.001001;0.000501;-0.004609;-0.004609;0;0
23.740.552/0001-31;2016-11-01;1;2016-11-30;1;;;;;;;;;;;;;;;;10011066.2;9953145.34;10350;961.656554589372;0.001005;0.000502;-0.003404;-0.003404;0;0
23.740.552/0001-31;2016-12-01;1;2016-12-30;1;0;0;0;0;0;0;0;0;0;0;0;1;0;0;0;10020969.37;9954342.16;103500;96.1772189371981;0.001005;0.000502;0.000117;0.000117;0;0
23.740.575/0001-46;2016-10-01;1;2016-10-31;4;;;;;;;;;;;;;;;;117179741.69;117097444.78;114878;1019.32001584289;0.00083;4.3E-05;0.00797;0.00797;0;0
23.740.575/0001-46;2016-11-01;1;2016-11-30;4;;;;;;;;;;;;;;;;115397637.95;115302915.57;114878;1003.69884198889;0.000437;4.4E-05;0.008416;-0.015325;0.023741;0
23.740.575/0001-46;2016-12-01;1;2016-12-30;4;0;0;0;0;0;0;0;0;0;0;0;4;0;0;0;116917397.88;115644008.79;114878;1006.66801989937;0.000437;4.4E-05;0.008164;0.00296;0.005204;0
23.768.027/0001-24;2016-12-01;1;2016-12-31;1;;;;;;;;;;;;;1;;;353132608;351706994.85;322214000;1.09153231966954;8.5E-05;;0.060178;0.060178;;
23.768.932/0001-84;2016-12-01;1;2016-12-31;1;;;;;;;;;;;;;1;;;153627361.51;153606956.61;125968265;1.2194099570237;0.000134;;0.202961;0.202961;;
23.781.211/0001-04;2016-11-01;1;2016-11-30;1;;;;;;;;;;;;;;;;698652540.84;145275503.32;1541860;94.2209430947038;0.000511;0;0.00659;0.00659;0;0
23.781.211/0001-04;2016-12-01;1;2016-12-31;1;;;;;;;;;;;;;1;;;895624223.62;243672480.99;2673860;91.1313535450622;0.000362;0;0.084229;-0.03279;0.117019;0
23.876.086/0001-16;2016-11-01;1;2016-11-30;5;;;;;;;;;;;;;;;;13811206.34;13796206.34;137500;100.336046109091;0.1087;0;0.00336;0.00336;0;0
23.876.086/0001-16;2016-12-01;1;2016-12-30;5;;;;;;;1;;4;;;;;;;13834314.32;13804314.32;137500;100.395013236364;0.002173;;0.000588;0.000588;;
26.191.053/0001-20;2016-12-01;1;2016-12-30;1;;1;;;;;;;;;;;;;;8959991.2;1008809.4;10100;99.8821188118812;0.001171;0;-0.001178;-0.001178;0;0
26.195.121/0001-20;2016-11-01;1;2016-11-30;10;;;;;;;;;;;;;;;;1787.55;-4415.33;50;-88.3066;0;0;-13.131317;-13.131317;0;0
26.195.121/0001-20;2016-12-01;1;2016-12-31;10;2;;;;;8;;;;;;;;;;1921466.49;1910347.15;20001;95.5125818709064;0.00732851094629581;0.00378709702055985;431.575181;431.575181;0;0
